,metal,ox,ligstr,complex.size,geom.ls,geom.hs,ls.spin,hs.spin,b3lyp.energy.ls (Ha),b3lyp.energy.hs (Ha),b3lyp.sse (kcal/mol)
0,co,2.0,acac_acac_acac_acac,29.0,square planar,tetrahedral,2.0,4.0,-835.5807906905043,-835.6000596422587,-12.09126722587598
1,co,2.0,aceticacidbipyridine_aceticacidbipyridine_aceticacidbipyridine_aceticacidbipyridine,65.0,seesaw,tetrahedral,2.0,4.0,-2046.9664197038564,-2046.976098687363,-6.07356215035793
2,co,2.0,acetonitrile_acetonitrile_acetonitrile_acetonitrile,25.0,square planar,tetrahedral,2.0,4.0,-675.6266971336001,-675.6913286336313,-40.55626626955842
3,co,2.0,ammonia_ammonia_ammonia_ammonia,17.0,square planar,tetrahedral,2.0,4.0,-370.83046781640167,-370.8341379517329,-2.303009920340316
4,co,2.0,bipy_bipy_bipy_bipy,41.0,seesaw,tetrahedral,2.0,4.0,-1135.4584935347646,-1135.4677582818429,-5.813628791636347
5,co,2.0,carbonyl_carbonyl_carbonyl_carbonyl,9.0,square planar,seesaw,2.0,4.0,-597.667855602278,-597.6489430876222,11.86760294649389
6,co,2.0,chloride_chloride_chloride_chloride,5.0,tetrahedral,tetrahedral,2.0,4.0,-1986.0852891831648,-1986.1257465552887,-25.38700100803908
7,co,2.0,cn_cn_cn_cn,9.0,square planar,tetrahedral,2.0,4.0,-516.5235132194687,-516.533795075997,-6.451864971513714
8,co,2.0,cyanate_cyanate_cyanate_cyanate,13.0,tetrahedral,tetrahedral,2.0,4.0,-817.5002605607542,-817.5432270113807,-26.96144776814293
9,co,2.0,cyanopyridine_cyanopyridine_cyanopyridine_cyanopyridine,49.0,square planar,tetrahedral,2.0,4.0,-1506.7382144914027,-1506.7334839627715,2.96840671591724
10,co,2.0,en_en_en_en,25.0,square planar,square planar,2.0,4.0,-525.6757697171596,-525.6725040345394,2.0492158441550146
11,co,2.0,fluoride_fluoride_fluoride_fluoride,5.0,square planar,tetrahedral,2.0,4.0,-544.4404085923002,-544.4679178887737,-17.262083537163733
12,co,2.0,formaldehyde_formaldehyde_formaldehyde_formaldehyde,17.0,square planar,tetrahedral,2.0,4.0,-602.5673496916447,-602.5856139074313,-11.460795406047737
13,co,2.0,furan_furan_furan_furan,37.0,seesaw,tetrahedral,2.0,4.0,-1064.5921214578184,-1064.619584938359,-17.233334039032684
14,co,2.0,hydrogensulfide_hydrogensulfide_hydrogensulfide_hydrogensulfide,13.0,square planar,tetrahedral,2.0,4.0,-1742.0200404660482,-1742.0516816944032,-19.854870792797783
15,co,2.0,hydroxyl_hydroxyl_hydroxyl_hydroxyl,9.0,square planar,tetrahedral,2.0,4.0,-448.29856099969976,-448.3173509303017,-11.790681452717564
16,co,2.0,iodide_iodide_iodide_iodide,5.0,tetrahedral,tetrahedral,2.0,4.0,-190.8325112967139,-190.916612878378,-52.773742494223015
17,co,2.0,mebipy_mebipy_mebipy_mebipy,53.0,seesaw,tetrahedral,2.0,4.0,-1292.7590647889997,-1292.768196563769,-5.730188667691891
18,co,2.0,mec_mec_mec_mec,31.0,square planar,tetrahedral,2.0,4.0,-986.78560548417,-986.800603630792,-9.411337005388702
19,co,2.0,methylamine_methylamine_methylamine_methylamine,29.0,square planar,tetrahedral,2.0,4.0,-528.071789483859,-528.077803308594,-3.7736750211900016
20,co,2.0,misc_misc_misc_misc,25.0,square planar,tetrahedral,2.0,4.0,-675.5614155416768,-675.5717819265384,-6.50490650067951
21,co,2.0,ncs_ncs_ncs_ncs,13.0,square planar,tetrahedral,2.0,4.0,-2109.4743454399427,-2109.498555745871,-15.19196696990548
22,co,2.0,ox_ox_ox_ox,13.0,square planar,tetrahedral,2.0,4.0,-899.4814085057831,-899.4922802645908,-6.822028651864684
23,co,2.0,phen_phen_phen_phen,45.0,seesaw,tetrahedral,2.0,4.0,-1287.9284670470406,-1287.940204084795,-7.364991190823957
24,co,2.0,phenisc_phenisc_phenisc_phenisc,53.0,square planar,tetrahedral,2.0,4.0,-1442.5611497873424,-1442.5691260056783,-5.005077005776002
25,co,2.0,phosphine_phosphine_phosphine_phosphine,17.0,square planar,tetrahedral,2.0,4.0,-1517.0937659244453,-1517.1121834006085,-11.556966292421862
26,co,2.0,pisc_pisc_pisc_pisc,101.0,square planar,tetrahedral,2.0,4.0,-2071.604318536576,-2071.6118107232933,-4.701347165311063
27,co,2.0,pyridine_pyridine_pyridine_pyridine,45.0,square planar,tetrahedral,2.0,4.0,-1137.8522125231914,-1137.8466742268988,3.4752809235880022
28,co,2.0,scn_scn_scn_scn,13.0,tetrahedral,tetrahedral,2.0,4.0,-2109.4065859533584,-2109.439105545453,-20.406044039621065
29,co,2.0,tbuc_tbuc_tbuc_tbuc,49.0,square planar,tetrahedral,2.0,4.0,-1222.6672233551458,-1222.6824495449544,-9.554434104879306
30,co,2.0,thiopyridine_thiopyridine_thiopyridine_thiopyridine,49.0,square planar,tetrahedral,2.0,4.0,-2730.6076246665134,-2730.60441769472,2.012374800476664
31,co,2.0,water_water_water_water,13.0,square planar,tetrahedral,2.0,4.0,-450.18819516195873,-450.2175393618653,-18.41348544137574
32,co,3.0,acac_acac_acac_acac,29.0,seesaw,tetrahedral,1.0,5.0,-835.3085605435325,-835.3178325194544,-5.818164891013282
33,co,3.0,aceticacidbipyridine_aceticacidbipyridine_aceticacidbipyridine_aceticacidbipyridine,65.0,seesaw,tetrahedral,1.0,5.0,-2046.4853136133772,-2046.49802169082,-7.974318595336172
34,co,3.0,acetonitrile_acetonitrile_acetonitrile_acetonitrile,25.0,square planar,tetrahedral,1.0,5.0,-675.0317291376281,-675.0573963440704,-16.10617204256556
35,co,3.0,ammonia_ammonia_ammonia_ammonia,17.0,seesaw,tetrahedral,1.0,5.0,-370.1433892219002,-370.15226566257735,-5.569966524924297
36,co,3.0,benzisc_benzisc_benzisc_benzisc,65.0,square planar,tetrahedral,1.0,5.0,-1599.3072354591152,-1599.354394426868,-29.59225226481521
37,co,3.0,bipy_bipy_bipy_bipy,41.0,seesaw,tetrahedral,1.0,5.0,-1134.9260669631312,-1134.9415479870263,-9.714342494152106
38,co,3.0,carbonyl_carbonyl_carbonyl_carbonyl,9.0,square planar,tetrahedral,1.0,5.0,-596.8085929931658,-596.811354098588,-1.732593652445189
39,co,3.0,chloride_chloride_chloride_chloride,5.0,tetrahedral,tetrahedral,1.0,5.0,-1986.0786875392864,-1986.108304573824,-18.58468917258108
40,co,3.0,cn_cn_cn_cn,9.0,seesaw,tetrahedral,1.0,5.0,-516.5032392404948,-516.4862562822909,10.656806272963308
42,co,3.0,cyanopyridine_cyanopyridine_cyanopyridine_cyanopyridine,49.0,square planar,tetrahedral,1.0,5.0,-1506.1812782164766,-1506.1997939159178,-11.618601399350156
43,co,3.0,en_en_en_en,25.0,seesaw,tetrahedral,1.0,5.0,-525.0340027237667,-525.0256842752838,5.219826423017366
44,co,3.0,fluoride_fluoride_fluoride_fluoride,5.0,tetrahedral,tetrahedral,1.0,5.0,-544.5302049132468,-544.5883454318661,-36.483175433555175
45,co,3.0,formaldehyde_formaldehyde_formaldehyde_formaldehyde,17.0,tetrahedral,tetrahedral,1.0,5.0,-601.8829468671595,-601.9319785260406,-30.76736594786695
46,co,3.0,furan_furan_furan_furan,37.0,T shape,tetrahedral,1.0,5.0,-1064.235938636278,-1064.091631547551,90.55269817614146
47,co,3.0,hydroxyl_hydroxyl_hydroxyl_hydroxyl,9.0,square planar,tetrahedral,1.0,5.0,-448.4307725090485,-448.4389769353308,-5.148277492181848
48,co,3.0,iodide_iodide_iodide_iodide,5.0,tetrahedral,tetrahedral,1.0,5.0,-190.838852943404,-190.8809445421708,-26.41247822615071
49,co,3.0,mebipy_mebipy_mebipy_mebipy,53.0,seesaw,tetrahedral,1.0,5.0,-1292.2450531349994,-1292.25974972086,-9.222107627618923
50,co,3.0,mec_mec_mec_mec,31.0,square planar,tetrahedral,1.0,5.0,-986.8378476465056,-986.8383821770234,-0.3354179000066892
51,co,3.0,methylamine_methylamine_methylamine_methylamine,29.0,seesaw,tetrahedral,1.0,5.0,-527.4520336279193,-527.4534392007762,-0.8819969677202266
52,co,3.0,misc_misc_misc_misc,25.0,square planar,tetrahedral,1.0,5.0,-674.941485708642,-674.9303843157301,6.96612405220634
53,co,3.0,ncs_ncs_ncs_ncs,13.0,seesaw,tetrahedral,1.0,5.0,-2109.406417856949,-2109.455751384383,-30.956788464612828
54,co,3.0,ox_ox_ox_ox,13.0,square planar,tetrahedral,1.0,5.0,-899.4703094482796,-899.4800569413782,-6.116551919327549
55,co,3.0,phen_phen_phen_phen,45.0,seesaw,tetrahedral,1.0,5.0,-1287.4183776604195,-1287.4340307329576,-9.82230301762229
56,co,3.0,phenisc_phenisc_phenisc_phenisc,53.0,square planar,tetrahedral,1.0,5.0,-1442.095398188409,-1442.0939975417682,0.878905767121978
57,co,3.0,phosphine_phosphine_phosphine_phosphine,17.0,seesaw,tetrahedral,1.0,5.0,-1516.4587884518794,-1516.4634532457685,-2.9271581654137435
58,co,3.0,pisc_pisc_pisc_pisc,101.0,square planar,tetrahedral,1.0,5.0,-2071.1746409606594,-2071.173005804441,1.0260605271253098
59,co,3.0,pyridine_pyridine_pyridine_pyridine,45.0,square planar,tetrahedral,1.0,5.0,-1137.3099599968189,-1137.3215752491603,-7.288570844273181
61,co,3.0,scn_scn_scn_scn,13.0,seesaw,tetrahedral,1.0,5.0,-2109.3521516914107,-2109.379452505966,-17.131261133559974
62,co,3.0,tbuc_tbuc_tbuc_tbuc,49.0,square planar,tetrahedral,1.0,5.0,-1222.7139013806925,-1222.7134924301497,0.2566164657531544
63,co,3.0,thiopyridine_thiopyridine_thiopyridine_thiopyridine,49.0,seesaw,tetrahedral,1.0,5.0,-2730.0897762972177,-2730.1480744272226,-36.582076578083615
64,co,3.0,water_water_water_water,13.0,seesaw,tetrahedral,1.0,5.0,-449.429442683038,-449.47753430458016,-30.17749251769388
65,cr,2.0,acac_acac_acac_acac,29.0,tetrahedral,square planar,1.0,5.0,-776.7985684478451,-776.8677281061607,-43.39768559302911
66,cr,2.0,aceticacidbipyridine_aceticacidbipyridine_aceticacidbipyridine_aceticacidbipyridine,65.0,square planar,square planar,1.0,5.0,-1988.178758857052,-1988.236740343036,-36.38338245516593
67,cr,2.0,acetonitrile_acetonitrile_acetonitrile_acetonitrile,25.0,square planar,square planar,1.0,5.0,-616.8975707854694,-616.9554479946087,-36.31794873490577
68,cr,2.0,ammonia_ammonia_ammonia_ammonia,17.0,square planar,square planar,1.0,5.0,-312.05052658200464,-312.1142896307843,-40.01131310923839
69,cr,2.0,benzisc_benzisc_benzisc_benzisc,65.0,tetrahedral,square planar,1.0,5.0,-1540.98388874396,-1541.058043143293,-46.531885581384245
70,cr,2.0,bipy_bipy_bipy_bipy,41.0,seesaw,square planar,1.0,5.0,-1076.670922839514,-1076.729258952142,-36.60591067393512
71,cr,2.0,carbonyl_carbonyl_carbonyl_carbonyl,9.0,square planar,square planar,1.0,5.0,-538.8760302718243,-538.9298633062372,-33.78022909405246
72,cr,2.0,chloride_chloride_chloride_chloride,5.0,tetrahedral,tetrahedral,1.0,5.0,-1927.3091070702144,-1927.365323542212,-35.27583617826281
73,cr,2.0,cn_cn_cn_cn,9.0,square planar,square planar,1.0,5.0,-457.72136429936654,-457.7799564147342,-36.76655239321519
75,cr,2.0,cyanopyridine_cyanopyridine_cyanopyridine_cyanopyridine,49.0,square planar,square planar,1.0,5.0,-1447.938382544821,-1448.0047371799603,-41.637533549914
76,cr,2.0,en_en_en_en,25.0,square planar,square planar,1.0,5.0,-466.8883785993045,-466.9502369606454,-38.81612174138539
77,cr,2.0,fluoride_fluoride_fluoride_fluoride,5.0,tetrahedral,tetrahedral,1.0,5.0,-485.6747496692562,-485.7538914706536,-49.66148037689408
78,cr,2.0,formaldehyde_formaldehyde_formaldehyde_formaldehyde,17.0,square planar,square planar,1.0,5.0,-543.7947248902678,-543.8575155176482,-39.401118681144
79,cr,2.0,furan_furan_furan_furan,37.0,tetrahedral,square planar,1.0,5.0,-1005.8167185443706,-1005.8961828199324,-49.86383291496082
80,cr,2.0,hydrogensulfide_hydrogensulfide_hydrogensulfide_hydrogensulfide,13.0,square planar,square planar,1.0,5.0,-1683.2358012189643,-1683.2983352613403,-39.24011159108318
81,cr,2.0,hydroxyl_hydroxyl_hydroxyl_hydroxyl,9.0,tetrahedral,tetrahedral,1.0,5.0,-389.5225980396089,-389.58945819533176,-41.95474771608829
82,cr,2.0,iodide_iodide_iodide_iodide,5.0,tetrahedral,tetrahedral,1.0,5.0,-132.09487691991163,-132.15405048818843,-37.131414093694914
83,cr,2.0,mebipy_mebipy_mebipy_mebipy,53.0,seesaw,square planar,1.0,5.0,-1233.971945393115,-1234.02969193359,-36.23595414800548
84,cr,2.0,mec_mec_mec_mec,31.0,tetrahedral,square planar,1.0,5.0,-927.975995605775,-928.0713995421232,-59.86597005852559
85,cr,2.0,methylamine_methylamine_methylamine_methylamine,29.0,tetrahedral,square planar,1.0,5.0,-469.272036159874,-469.34557127319374,-46.143283608169696
86,cr,2.0,misc_misc_misc_misc,25.0,square planar,square planar,1.0,5.0,-616.7695431131228,-616.8261134115526,-35.49786226465756
87,cr,2.0,ncs_ncs_ncs_ncs,13.0,seesaw,square planar,1.0,5.0,-2050.710871666241,-2050.768121088909,-35.92401272421057
88,cr,2.0,ox_ox_ox_ox,13.0,tetrahedral,square planar,1.0,5.0,-840.6641327977112,-840.7665246291226,-64.25087421065967
89,cr,2.0,phen_phen_phen_phen,45.0,square planar,square planar,1.0,5.0,-1229.1437007996576,-1229.2020952259395,-36.64250249203064
90,cr,2.0,phenisc_phenisc_phenisc_phenisc,53.0,square planar,square planar,1.0,5.0,-1383.7667939262587,-1383.8220002817247,-34.64198805491378
91,cr,2.0,phosphine_phosphine_phosphine_phosphine,17.0,square planar,square planar,1.0,5.0,-1458.2924772763458,-1458.3539170112097,-38.55343362705014
92,cr,2.0,pisc_pisc_pisc_pisc,101.0,square planar,square planar,1.0,5.0,-2012.808194261925,-2012.8638230213053,-34.90704651105659
94,cr,2.0,pyridine_pyridine_pyridine_pyridine,45.0,tetrahedral,square planar,1.0,5.0,-1079.0418324120255,-1079.117258871842,-47.33010353487032
95,cr,2.0,s2-_s2-_s2-_s2-,5.0,tetrahedral,tetrahedral,1.0,5.0,-1677.6025209735844,-1677.6000553286565,1.547192192432476
97,cr,2.0,tbuc_tbuc_tbuc_tbuc,49.0,tetrahedral,square planar,1.0,5.0,-1163.8578623473584,-1163.9528881138413,-59.62866846800523
98,cr,2.0,thiopyridine_thiopyridine_thiopyridine_thiopyridine,49.0,seesaw,square planar,1.0,5.0,-2671.80814325024,-2671.873355645492,-40.92077802051677
99,cr,2.0,water_water_water_water,13.0,square planar,square planar,1.0,5.0,-391.4314165781274,-391.49252989149153,-38.34860413597482
100,cr,3.0,acac_acac_acac_acac,29.0,tetrahedral,tetrahedral,2.0,4.0,-776.6009357712472,-776.630250766379,-18.395159445212528
101,cr,3.0,aceticacidbipyridine_aceticacidbipyridine_aceticacidbipyridine_aceticacidbipyridine,65.0,tetrahedral,seesaw,2.0,4.0,-1987.723990815844,-1987.758613186357,-21.725537497071628
102,cr,3.0,acetonitrile_acetonitrile_acetonitrile_acetonitrile,25.0,tetrahedral,seesaw,2.0,4.0,-616.3383298265369,-616.3710845715241,-20.553602479459983
103,cr,3.0,ammonia_ammonia_ammonia_ammonia,17.0,tetrahedral,seesaw,2.0,4.0,-311.42525030209134,-311.46314840190587,-23.78105763361546
104,cr,3.0,benzisc_benzisc_benzisc_benzisc,65.0,square planar,square planar,2.0,4.0,-1540.5501332380682,-1540.6067525445685,-35.52861482897072
105,cr,3.0,bipy_bipy_bipy_bipy,41.0,tetrahedral,seesaw,2.0,4.0,-1076.1861639361043,-1076.2202314640977,-21.37737381567149
107,cr,3.0,chloride_chloride_chloride_chloride,5.0,tetrahedral,tetrahedral,2.0,4.0,-1927.361662281402,-1927.3916652535263,-18.82686500799423
108,cr,3.0,cn_cn_cn_cn,9.0,tetrahedral,seesaw,2.0,4.0,-457.75257471972793,-457.7826776092001,-18.889563143790014
110,cr,3.0,cyanopyridine_cyanopyridine_cyanopyridine_cyanopyridine,49.0,tetrahedral,tetrahedral,2.0,4.0,-1447.3583791061833,-1447.4663506138756,-67.75212107695268
111,cr,3.0,en_en_en_en,25.0,tetrahedral,seesaw,2.0,4.0,-466.29484792060987,-466.33492069131455,-25.145663617188347
112,cr,3.0,fluoride_fluoride_fluoride_fluoride,5.0,tetrahedral,tetrahedral,2.0,4.0,-485.8695117989362,-485.90587287974745,-22.81657820907526
113,cr,3.0,formaldehyde_formaldehyde_formaldehyde_formaldehyde,17.0,tetrahedral,tetrahedral,2.0,4.0,-543.1932784966161,-543.2260859507661,-20.586677479109028
114,cr,3.0,furan_furan_furan_furan,37.0,tetrahedral,square planar,2.0,4.0,-1005.2629267346558,-1005.3590371974776,-60.30931542067833
115,cr,3.0,hydrogensulfide_hydrogensulfide_hydrogensulfide_hydrogensulfide,13.0,tetrahedral,tetrahedral,2.0,4.0,-1682.5961317005947,-1682.643561068768,-29.761928528824345
116,cr,3.0,hydroxyl_hydroxyl_hydroxyl_hydroxyl,9.0,tetrahedral,tetrahedral,2.0,4.0,-389.7075825856381,-389.7416614023441,-21.38445748299702
117,cr,3.0,iodide_iodide_iodide_iodide,5.0,tetrahedral,tetrahedral,2.0,4.0,-132.09008111854192,-132.14031467042764,-31.52155380829249
118,cr,3.0,mebipy_mebipy_mebipy_mebipy,53.0,tetrahedral,seesaw,2.0,4.0,-1233.5099217442005,-1233.5428433062416,-20.658280180939528
119,cr,3.0,mec_mec_mec_mec,31.0,tetrahedral,tetrahedral,2.0,4.0,-928.1037900981536,-928.1355792889888,-19.947717249077925
120,cr,3.0,methylamine_methylamine_methylamine_methylamine,29.0,tetrahedral,seesaw,2.0,4.0,-468.7176230924678,-468.7512373931664,-21.092973688381704
122,cr,3.0,ncs_ncs_ncs_ncs,13.0,tetrahedral,tetrahedral,2.0,4.0,-2050.706001522519,-2050.73608937012,-18.880124369883333
123,cr,3.0,ox_ox_ox_ox,13.0,tetrahedral,tetrahedral,2.0,4.0,-840.7623746776353,-840.7934673883576,-19.510675978246468
124,cr,3.0,phen_phen_phen_phen,45.0,tetrahedral,seesaw,2.0,4.0,-1228.662322627132,-1228.69816777583,-22.492830808103008
125,cr,3.0,phenisc_phenisc_phenisc_phenisc,53.0,tetrahedral,square planar,2.0,4.0,-1383.2932527888292,-1383.3461062421104,-33.16554193392733
126,cr,3.0,phosphine_phosphine_phosphine_phosphine,17.0,tetrahedral,seesaw,2.0,4.0,-1457.6847685233383,-1457.7308780657102,-28.93373783831919
127,cr,3.0,pisc_pisc_pisc_pisc,101.0,tetrahedral,square planar,2.0,4.0,-2012.3677847995573,-2012.4225140666092,-34.342615075083245
128,cr,3.0,pyridine_pyridine_pyridine_pyridine,45.0,tetrahedral,tetrahedral,2.0,4.0,-1078.5721143206104,-1078.6079215778511,-22.46905391858718
129,cr,3.0,s2-_s2-_s2-_s2-,5.0,tetrahedral,tetrahedral,2.0,4.0,-1678.133159958154,-1678.1387118477144,-3.4838106991293216
130,cr,3.0,scn_scn_scn_scn,13.0,tetrahedral,tetrahedral,2.0,4.0,-2050.612144920026,-2050.6424705257755,-19.0293176078535
131,cr,3.0,tbuc_tbuc_tbuc_tbuc,49.0,tetrahedral,tetrahedral,2.0,4.0,-1163.979763821447,-1164.011565943312,-19.95583147027787
132,cr,3.0,thiopyridine_thiopyridine_thiopyridine_thiopyridine,49.0,tetrahedral,tetrahedral,2.0,4.0,-2671.364525742883,-2671.392995725273,-17.8649139497918
133,cr,3.0,water_water_water_water,13.0,tetrahedral,seesaw,2.0,4.0,-390.7529899920242,-390.7859480864972,-20.68120428179128
134,fe,2.0,acac_acac_acac_acac,29.0,square planar,tetrahedral,1.0,5.0,-813.9296252861293,-813.9711969239175,-26.086202712128
135,fe,2.0,aceticacidbipyridine_aceticacidbipyridine_aceticacidbipyridine_aceticacidbipyridine,65.0,seesaw,tetrahedral,1.0,5.0,-2025.3123565992487,-2025.340764258557,-17.825806216029605
136,fe,2.0,acetonitrile_acetonitrile_acetonitrile_acetonitrile,25.0,square planar,tetrahedral,1.0,5.0,-654.0140573011151,-654.0584660721429,-27.86650381991137
137,fe,2.0,ammonia_ammonia_ammonia_ammonia,17.0,square planar,tetrahedral,1.0,5.0,-349.17783172050565,-349.2231673178171,-28.44808731294364
138,fe,2.0,benzisc_benzisc_benzisc_benzisc,65.0,square planar,tetrahedral,1.0,5.0,-1578.1367615469578,-1578.163554805195,-16.81276954381076
139,fe,2.0,bipy_bipy_bipy_bipy,41.0,square planar,tetrahedral,1.0,5.0,-1113.8054525857754,-1113.8317808093918,-16.52096031933752
140,fe,2.0,carbonyl_carbonyl_carbonyl_carbonyl,9.0,square planar,tetrahedral,1.0,5.0,-576.0042561419103,-576.0279412599835,-14.862411590943909
141,fe,2.0,chloride_chloride_chloride_chloride,5.0,tetrahedral,tetrahedral,1.0,5.0,-1964.4380617663928,-1964.4945848619168,-35.46824244157733
142,fe,2.0,cn_cn_cn_cn,9.0,square planar,tetrahedral,1.0,5.0,-494.8654975575327,-494.8933600834948,-17.4837350412308
143,fe,2.0,cyanate_cyanate_cyanate_cyanate,13.0,seesaw,tetrahedral,1.0,5.0,-795.8244757376476,-795.9133267879013,-55.75403403416658
144,fe,2.0,cyanopyridine_cyanopyridine_cyanopyridine_cyanopyridine,49.0,seesaw,tetrahedral,1.0,5.0,-1485.0564304935376,-1485.1128180284195,-35.38317813837864
145,fe,2.0,en_en_en_en,25.0,square planar,tetrahedral,1.0,5.0,-504.0210442673347,-504.0498121282668,-18.051832734878843
146,fe,2.0,fluoride_fluoride_fluoride_fluoride,5.0,seesaw,tetrahedral,1.0,5.0,-522.7628474384144,-522.852733515721,-56.40351350987487
147,fe,2.0,formaldehyde_formaldehyde_formaldehyde_formaldehyde,17.0,seesaw,tetrahedral,1.0,5.0,-580.8873848582699,-580.9577379072055,-44.14653820705411
148,fe,2.0,furan_furan_furan_furan,37.0,sandwich,tetrahedral,1.0,5.0,-1042.9382067277586,-1043.0019454375597,-39.99604040019051
149,fe,2.0,hydrogensulfide_hydrogensulfide_hydrogensulfide_hydrogensulfide,13.0,seesaw,tetrahedral,1.0,5.0,-1720.3481105395629,-1720.4156932756575,-42.40816689940175
150,fe,2.0,hydroxyl_hydroxyl_hydroxyl_hydroxyl,9.0,seesaw,tetrahedral,1.0,5.0,-426.6432341856171,-426.6869251632325,-27.416088453644534
151,fe,2.0,iodide_iodide_iodide_iodide,5.0,tetrahedral,tetrahedral,1.0,5.0,-169.22938571835422,-169.28398631370044,-34.261873579750315
152,fe,2.0,mebipy_mebipy_mebipy_mebipy,53.0,square planar,tetrahedral,1.0,5.0,-1271.1067613642758,-1271.1318379947754,-15.735585638497582
153,fe,2.0,mec_mec_mec_mec,31.0,square planar,tetrahedral,1.0,5.0,-965.1413051618472,-965.1721225587283,-19.337916543000237
154,fe,2.0,methylamine_methylamine_methylamine_methylamine,29.0,square planar,tetrahedral,1.0,5.0,-506.4142764654508,-506.4577029577973,-27.250123947463152
155,fe,2.0,misc_misc_misc_misc,25.0,square planar,tetrahedral,1.0,5.0,-653.9126904946429,-653.9319042300893,-12.056618992642427
156,fe,2.0,ncs_ncs_ncs_ncs,13.0,square planar,tetrahedral,1.0,5.0,-2087.7934805772466,-2087.882675006498,-55.96950435567692
157,fe,2.0,ox_ox_ox_ox,13.0,seesaw,tetrahedral,1.0,5.0,-877.797024862156,-877.864815686185,-42.538742078182
158,fe,2.0,phen_phen_phen_phen,45.0,square planar,tetrahedral,1.0,5.0,-1266.2770397637871,-1266.302612770078,-16.04706144737804
159,fe,2.0,phenisc_phenisc_phenisc_phenisc,53.0,square planar,tetrahedral,1.0,5.0,-1420.9137257514546,-1420.9315586101218,-11.190118813626668
160,fe,2.0,phosphine_phosphine_phosphine_phosphine,17.0,square planar,tetrahedral,1.0,5.0,-1495.4345144429478,-1495.4688393099536,-21.538854046144134
161,fe,2.0,pisc_pisc_pisc_pisc,101.0,square planar,tetrahedral,1.0,5.0,-2049.957279971467,-2049.9748502353145,-11.025340564352746
163,fe,2.0,pyridine_pyridine_pyridine_pyridine,45.0,seesaw,tetrahedral,1.0,5.0,-1116.1703474471003,-1116.225924915284,-34.87486128508408
164,fe,2.0,scn_scn_scn_scn,13.0,seesaw,tetrahedral,1.0,5.0,-2087.7320099753183,-2087.803674381266,-44.9694147320929
165,fe,2.0,tbuc_tbuc_tbuc_tbuc,49.0,square planar,tetrahedral,1.0,5.0,-1201.011076640858,-1201.05409936375,-26.996758614822056
166,fe,2.0,thiopyridine_thiopyridine_thiopyridine_thiopyridine,49.0,seesaw,tetrahedral,1.0,5.0,-2708.9263978123267,-2708.9832646746318,-35.68395609611116
167,fe,2.0,water_water_water_water,13.0,square planar,tetrahedral,1.0,5.0,-428.5078808117531,-428.5994313086703,-57.44793681553887
168,fe,3.0,acac_acac_acac_acac,29.0,tetrahedral,tetrahedral,2.0,6.0,-813.6892093266503,-813.7144035010479,-15.809344434492516
169,fe,3.0,aceticacidbipyridine_aceticacidbipyridine_aceticacidbipyridine_aceticacidbipyridine,65.0,square planar,tetrahedral,2.0,6.0,-2024.851303988563,-2024.8644198849609,-8.23022498957016
170,fe,3.0,acetonitrile_acetonitrile_acetonitrile_acetonitrile,25.0,tetrahedral,tetrahedral,2.0,6.0,-653.4132292595332,-653.4754919998708,-39.069869561836015
171,fe,3.0,ammonia_ammonia_ammonia_ammonia,17.0,tetrahedral,tetrahedral,2.0,6.0,-348.51989933006195,-348.5575533523181,-23.62789896574228
172,fe,3.0,benzisc_benzisc_benzisc_benzisc,65.0,tetrahedral,tetrahedral,2.0,6.0,-1577.579554886483,-1577.715542993872,-85.3325373866221
173,fe,3.0,bipy_bipy_bipy_bipy,41.0,tetrahedral,tetrahedral,2.0,6.0,-1113.2916463168283,-1113.3098873081549,-11.446222057151658
174,fe,3.0,carbonyl_carbonyl_carbonyl_carbonyl,9.0,seesaw,tetrahedral,2.0,6.0,-575.188082830454,-575.2208190813413,-20.54199743177861
175,fe,3.0,chloride_chloride_chloride_chloride,5.0,tetrahedral,tetrahedral,2.0,6.0,-1964.4513334069331,-1964.515674034076,-40.37374353201642
176,fe,3.0,cn_cn_cn_cn,9.0,seesaw,tetrahedral,2.0,6.0,-494.875451645003,-494.8857113682031,-6.437976308049542
178,fe,3.0,cyanopyridine_cyanopyridine_cyanopyridine_cyanopyridine,49.0,tetrahedral,tetrahedral,2.0,6.0,-1484.5387528483536,-1484.5761861995943,-23.48942790366891
179,fe,3.0,en_en_en_en,25.0,seesaw,tetrahedral,2.0,6.0,-503.399395729618,-503.42626251163546,-16.85890571595877
180,fe,3.0,fluoride_fluoride_fluoride_fluoride,5.0,tetrahedral,tetrahedral,2.0,6.0,-522.9387195995208,-523.0138095060328,-47.1189163362476
181,fe,3.0,formaldehyde_formaldehyde_formaldehyde_formaldehyde,17.0,tetrahedral,tetrahedral,2.0,6.0,-580.2712353463261,-580.332199086346,-38.25474686250544
182,fe,3.0,furan_furan_furan_furan,37.0,unknown,tetrahedral,2.0,6.0,-1042.4451720167274,-1042.4636217107236,-11.577182982626368
184,fe,3.0,hydroxyl_hydroxyl_hydroxyl_hydroxyl,9.0,seesaw,tetrahedral,2.0,6.0,-426.8050990074488,-426.8444320039263,-24.681455289647687
185,fe,3.0,iodide_iodide_iodide_iodide,5.0,tetrahedral,tetrahedral,2.0,6.0,-169.24671550128005,-169.27473416858354,-17.581713732936706
186,fe,3.0,mebipy_mebipy_mebipy_mebipy,53.0,square planar,tetrahedral,2.0,6.0,-1270.611446365957,-1270.6340494271217,-14.183420880895028
187,fe,3.0,mec_mec_mec_mec,31.0,square planar,tetrahedral,2.0,6.0,-965.2126641000764,-965.2210596854416,-5.268229816649637
188,fe,3.0,methylamine_methylamine_methylamine_methylamine,29.0,tetrahedral,tetrahedral,2.0,6.0,-505.8203310196403,-505.85023223795497,-18.763014492442096
189,fe,3.0,misc_misc_misc_misc,25.0,seesaw,tetrahedral,2.0,6.0,-653.3114428681786,-653.3352249800901,-14.923275224458052
190,fe,3.0,ncs_ncs_ncs_ncs,13.0,tetrahedral,tetrahedral,2.0,6.0,-2087.7943653540965,-2087.856490216632,-38.98335124115874
191,fe,3.0,ox_ox_ox_ox,13.0,tetrahedral,tetrahedral,2.0,6.0,-877.8411359034407,-877.8816057556651,-25.39483227082286
192,fe,3.0,phenisc_phenisc_phenisc_phenisc,53.0,square planar,tetrahedral,2.0,6.0,-1420.435406564564,-1420.457432760245,-13.821437789725335
193,fe,3.0,phosphine_phosphine_phosphine_phosphine,17.0,seesaw,tetrahedral,2.0,6.0,-1494.814947783933,-1494.844455087001,-18.515832675269053
194,fe,3.0,pisc_pisc_pisc_pisc,101.0,square planar,tetrahedral,2.0,6.0,-2049.530026353839,-2049.5368051517157,-4.253695667472357
195,fe,3.0,pyridine_pyridine_pyridine_pyridine,45.0,tetrahedral,tetrahedral,2.0,6.0,-1115.6770686509558,-1115.7100442454166,-20.692185524166007
196,fe,3.0,s2-_s2-_s2-_s2-,5.0,unknown,tetrahedral,2.0,6.0,-1715.8986919226445,-1715.2159569808384,428.416175983312
197,fe,3.0,scn_scn_scn_scn,13.0,tetrahedral,tetrahedral,2.0,6.0,-2087.7277017400147,-2087.76187132586,-21.441415117812998
198,fe,3.0,tbuc_tbuc_tbuc_tbuc,49.0,square planar,tetrahedral,2.0,6.0,-1201.0864600288126,-1201.0969987992555,-6.613078452959371
199,fe,3.0,thiopyridine_thiopyridine_thiopyridine_thiopyridine,49.0,square planar,tetrahedral,2.0,6.0,-2708.350007107138,-2708.510746064602,-100.8636958085117
200,fe,3.0,water_water_water_water,13.0,seesaw,tetrahedral,2.0,6.0,-427.8217275803396,-427.8894132074423,-42.47273100692056
201,mn,2.0,acac_acac_acac_acac,29.0,seesaw,tetrahedral,2.0,6.0,-794.4051949616799,-794.4737214913284,-43.00039735448365
202,mn,2.0,aceticacidbipyridine_aceticacidbipyridine_aceticacidbipyridine_aceticacidbipyridine,65.0,square planar,tetrahedral,2.0,6.0,-2005.7894368460447,-2005.850513664636,-38.325703665498736
203,mn,2.0,acetonitrile_acetonitrile_acetonitrile_acetonitrile,25.0,square planar,tetrahedral,2.0,6.0,-634.4984346238122,-634.5764747941371,-48.97020687889068
204,mn,2.0,ammonia_ammonia_ammonia_ammonia,17.0,square planar,tetrahedral,2.0,6.0,-329.6546535909744,-329.7363548778556,-51.2675575179432
205,mn,2.0,benzisc_benzisc_benzisc_benzisc,65.0,square planar,tetrahedral,2.0,6.0,-1558.6198146508134,-1558.6731735086662,-33.48268330263181
206,mn,2.0,bipy_bipy_bipy_bipy,41.0,square planar,tetrahedral,2.0,6.0,-1094.2820011418787,-1094.3424899002848,-37.956695899833335
207,mn,2.0,carbonyl_carbonyl_carbonyl_carbonyl,9.0,square planar,tetrahedral,2.0,6.0,-556.4845365838838,-556.5473299759727,-39.40285353578872
208,mn,2.0,chloride_chloride_chloride_chloride,5.0,tetrahedral,tetrahedral,2.0,6.0,-1944.9210482541632,-1945.015695806376,-59.39133901352648
209,mn,2.0,cn_cn_cn_cn,9.0,square planar,tetrahedral,2.0,6.0,-475.3363658703196,-475.4025683481681,-41.54205484992872
211,mn,2.0,cyanopyridine_cyanopyridine_cyanopyridine_cyanopyridine,49.0,seesaw,tetrahedral,2.0,6.0,-1465.5436202237825,-1465.6229188527827,-49.759889697674
212,mn,2.0,en_en_en_en,25.0,square planar,tetrahedral,2.0,6.0,-484.4938436711589,-484.5590086419895,-40.8910191962066
213,mn,2.0,fluoride_fluoride_fluoride_fluoride,5.0,seesaw,tetrahedral,2.0,6.0,-503.3040838218093,-503.3700771096928,-41.41078814688783
214,mn,2.0,formaldehyde_formaldehyde_formaldehyde_formaldehyde,17.0,square planar,tetrahedral,2.0,6.0,-561.3965271464294,-561.4756789624321,-49.66776454166279
215,mn,2.0,furan_furan_furan_furan,37.0,seesaw,tetrahedral,2.0,6.0,-1023.3681216998618,-1023.5174607311912,-93.71024215913876
216,mn,2.0,hydrogensulfide_hydrogensulfide_hydrogensulfide_hydrogensulfide,13.0,square planar,tetrahedral,2.0,6.0,-1700.8456209419558,-1700.9262951747298,-50.62308106573028
217,mn,2.0,hydroxyl_hydroxyl_hydroxyl_hydroxyl,9.0,tetrahedral,tetrahedral,2.0,6.0,-407.1493872710748,-407.19720715976473,-30.00698015291277
218,mn,2.0,iodide_iodide_iodide_iodide,5.0,tetrahedral,tetrahedral,2.0,6.0,-149.71031982054754,-149.80351651957716,-58.48092864108587
219,mn,2.0,mebipy_mebipy_mebipy_mebipy,53.0,square planar,tetrahedral,2.0,6.0,-1251.5825319153498,-1251.64205372669,-37.34993661592455
220,mn,2.0,mec_mec_mec_mec,31.0,square planar,tetrahedral,2.0,6.0,-945.610586246028,-945.6788024631952,-42.80567627235854
221,mn,2.0,methylamine_methylamine_methylamine_methylamine,29.0,seesaw,tetrahedral,2.0,6.0,-486.8869361649474,-486.9681185885444,-50.94197080711709
222,mn,2.0,misc_misc_misc_misc,25.0,square planar,tetrahedral,2.0,6.0,-634.3868872405448,-634.442542872227,-34.92390888062488
223,mn,2.0,ncs_ncs_ncs_ncs,13.0,tetrahedral,tetrahedral,2.0,6.0,-2068.167661884026,-2068.399167480487,-145.26976177922734
224,mn,2.0,ox_ox_ox_ox,13.0,square planar,tetrahedral,2.0,6.0,-858.3120677221905,-858.3734563462759,-38.521361613621536
225,mn,2.0,phen_phen_phen_phen,45.0,square planar,tetrahedral,2.0,6.0,-1246.753354288253,-1246.8172354111846,-40.08540463961765
226,mn,2.0,phenisc_phenisc_phenisc_phenisc,53.0,square planar,tetrahedral,2.0,6.0,-1401.38757177562,-1401.4381158021265,-31.71637663267745
227,mn,2.0,phosphine_phosphine_phosphine_phosphine,17.0,square planar,tetrahedral,2.0,6.0,-1475.905657070022,-1475.9794596878137,-46.31114266427346
228,mn,2.0,pisc_pisc_pisc_pisc,101.0,square planar,tetrahedral,2.0,6.0,-2030.4316050290236,-2030.4803748533163,-30.603064743859814
229,mn,2.0,pph3_pph3_pph3_pph3,137.0,tetrahedral,tetrahedral,2.0,6.0,-4248.664392723758,-4248.768005924553,-65.01728349875293
230,mn,2.0,pyridine_pyridine_pyridine_pyridine,45.0,seesaw,tetrahedral,2.0,6.0,-1096.6572737180768,-1096.7354831561045,-49.07642236236313
231,mn,2.0,scn_scn_scn_scn,13.0,tetrahedral,tetrahedral,2.0,6.0,-2068.15428638151,-2068.314204544458,-100.3486472499253
232,mn,2.0,tbuc_tbuc_tbuc_tbuc,49.0,tetrahedral,tetrahedral,2.0,6.0,-1181.4843944137235,-1181.5606376799292,-47.84264954391233
233,mn,2.0,thiopyridine_thiopyridine_thiopyridine_thiopyridine,49.0,tetrahedral,tetrahedral,2.0,6.0,-2689.2596848068792,-2689.4924649341638,-146.06952987074692
234,mn,2.0,water_water_water_water,13.0,square planar,tetrahedral,2.0,6.0,-409.0260404115618,-409.1173629500321,-57.30489289008276
235,mn,3.0,acac_acac_acac_acac,29.0,tetrahedral,square planar,1.0,5.0,-794.1746288674943,-794.234059983206,-37.29302510904034
236,mn,3.0,aceticacidbipyridine_aceticacidbipyridine_aceticacidbipyridine_aceticacidbipyridine,65.0,tetrahedral,tetrahedral,1.0,5.0,-2005.3175415060537,-2005.373946646624,-35.394225707786404
237,mn,3.0,acetonitrile_acetonitrile_acetonitrile_acetonitrile,25.0,tetrahedral,square planar,1.0,5.0,-633.9167386426343,-633.9804670322859,-39.98956450637962
238,mn,3.0,ammonia_ammonia_ammonia_ammonia,17.0,tetrahedral,square planar,1.0,5.0,-329.00853480350906,-329.0748745591428,-41.62819666017725
239,mn,3.0,benzisc_benzisc_benzisc_benzisc,65.0,square planar,square planar,1.0,5.0,-1558.1665539609105,-1558.1958077443255,-18.356749092922087
240,mn,3.0,bipy_bipy_bipy_bipy,41.0,tetrahedral,tetrahedral,1.0,5.0,-1093.7781400292831,-1093.8188033823567,-25.516254053521838
241,mn,3.0,carbonyl_carbonyl_carbonyl_carbonyl,9.0,square planar,square planar,1.0,5.0,-555.6823633678741,-555.757586012778,-47.2022096771812
242,mn,3.0,chloride_chloride_chloride_chloride,5.0,tetrahedral,tetrahedral,1.0,5.0,-1944.9443128010828,-1944.9995067253776,-34.63418749500363
243,mn,3.0,cn_cn_cn_cn,9.0,tetrahedral,square planar,1.0,5.0,-475.35337308588896,-475.40891108589744,-34.850095005322714
245,mn,3.0,cyanopyridine_cyanopyridine_cyanopyridine_cyanopyridine,49.0,tetrahedral,tetrahedral,1.0,5.0,-1465.0270679929815,-1465.0712090444422,-27.698509791561605
246,mn,3.0,en_en_en_en,25.0,seesaw,square planar,1.0,5.0,-483.8792756146384,-483.9560980745826,-48.20609361501894
247,mn,3.0,fluoride_fluoride_fluoride_fluoride,5.0,tetrahedral,square planar,1.0,5.0,-503.44989767119193,-503.509876748614,-37.63687108233157
248,mn,3.0,formaldehyde_formaldehyde_formaldehyde_formaldehyde,17.0,tetrahedral,tetrahedral,1.0,5.0,-560.7643537443778,-560.8280234021457,-39.95271024938603
249,mn,3.0,furan_furan_furan_furan,37.0,seesaw,tetrahedral,1.0,5.0,-1022.8903429992074,-1022.9829952238738,-58.139270978153945
250,mn,3.0,hydrogensulfide_hydrogensulfide_hydrogensulfide_hydrogensulfide,13.0,tetrahedral,trigonal planar,1.0,5.0,-1700.1852568795448,-1700.478253877276,-183.85561607637783
251,mn,3.0,hydroxyl_hydroxyl_hydroxyl_hydroxyl,9.0,tetrahedral,square planar,1.0,5.0,-407.2961061509252,-407.3565137505178,-37.905768744370505
252,mn,3.0,iodide_iodide_iodide_iodide,5.0,tetrahedral,tetrahedral,1.0,5.0,-149.69513731936175,-149.76633410551176,-44.67598330913212
253,mn,3.0,mebipy_mebipy_mebipy_mebipy,53.0,tetrahedral,tetrahedral,1.0,5.0,-1251.1027574890034,-1251.1358757710047,-20.781721955876264
254,mn,3.0,mec_mec_mec_mec,31.0,tetrahedral,square planar,1.0,5.0,-945.6820952624948,-945.7396656638316,-36.12542683888904
255,mn,3.0,methylamine_methylamine_methylamine_methylamine,29.0,tetrahedral,square planar,1.0,5.0,-486.3048002851082,-486.3640243738367,-37.16311567714186
256,mn,3.0,misc_misc_misc_misc,25.0,tetrahedral,square planar,1.0,5.0,-633.7898913666279,-633.8624491065597,-45.5299818071839
257,mn,3.0,ncs_ncs_ncs_ncs,13.0,tetrahedral,seesaw,1.0,5.0,-2068.292603050465,-2068.344479541439,-32.55249808611097
258,mn,3.0,ox_ox_ox_ox,13.0,square planar,square planar,1.0,5.0,-858.3400751438193,-858.4000549266202,-37.637313707597
259,mn,3.0,phen_phen_phen_phen,45.0,tetrahedral,tetrahedral,1.0,5.0,-1246.253840892801,-1246.3146011317267,-38.12704992587385
260,mn,3.0,phenisc_phenisc_phenisc_phenisc,53.0,square planar,tetrahedral,1.0,5.0,-1400.9069249926788,-1400.963390032724,-35.431812628343096
261,mn,3.0,phosphine_phosphine_phosphine_phosphine,17.0,square planar,square planar,1.0,5.0,-1475.2832250261326,-1475.3630330176024,-50.07951464730354
262,mn,3.0,pisc_pisc_pisc_pisc,101.0,square planar,tetrahedral,1.0,5.0,-2029.9872402401231,-2030.0407409268785,-33.571680938977124
263,mn,3.0,pyridine_pyridine_pyridine_pyridine,45.0,tetrahedral,tetrahedral,1.0,5.0,-1096.1645115841172,-1096.1969158423192,-20.333672021723714
265,mn,3.0,scn_scn_scn_scn,13.0,tetrahedral,seesaw,1.0,5.0,-2068.2067478346244,-2068.259735361597,-33.24967317561004
266,mn,3.0,tbuc_tbuc_tbuc_tbuc,49.0,tetrahedral,square planar,1.0,5.0,-1181.557734244784,-1181.6136044749765,-35.05856944569359
267,mn,3.0,thiopyridine_thiopyridine_thiopyridine_thiopyridine,49.0,tetrahedral,tetrahedral,1.0,5.0,-2688.9551811220413,-2689.0177817028543,-39.281864460200495
268,mn,3.0,water_water_water_water,13.0,seesaw,square planar,1.0,5.0,-408.3247597889503,-408.38839005423927,-39.92799146886057
269,ni,2.0,acac_acac_acac_acac,29.0,square planar,tetrahedral,1.0,3.0,-859.8088776855886,-859.809480523534,-0.3782808107345659
270,ni,2.0,aceticacidbipyridine_aceticacidbipyridine_aceticacidbipyridine_aceticacidbipyridine,65.0,square planar,seesaw,1.0,3.0,-2071.1927082322354,-2071.196366654764,-2.2956601366888663
271,ni,2.0,acetonitrile_acetonitrile_acetonitrile_acetonitrile,25.0,square planar,tetrahedral,1.0,3.0,-699.8820549337739,-699.8921156824605,-6.313119800813638
272,ni,2.0,ammonia_ammonia_ammonia_ammonia,17.0,square planar,tetrahedral,1.0,3.0,-395.0645584952922,-395.067345967554,-1.7491388442711298
273,ni,2.0,benzisc_benzisc_benzisc_benzisc,65.0,square planar,tetrahedral,1.0,3.0,-1624.0381911759223,-1624.0111912637155,16.942444909734036
274,ni,2.0,bipy_bipy_bipy_bipy,41.0,seesaw,square planar,1.0,3.0,-1159.66518316149,-1159.6783941039505,-8.289866393849934
275,ni,2.0,carbonyl_carbonyl_carbonyl_carbonyl,9.0,seesaw,tetrahedral,1.0,3.0,-621.8479500390173,-621.8556759177393,-4.847988898054325
276,ni,2.0,chloride_chloride_chloride_chloride,5.0,tetrahedral,tetrahedral,1.0,3.0,-2010.3040584919047,-2010.3283581115943,-15.248011355081417
277,ni,2.0,cn_cn_cn_cn,9.0,square planar,tetrahedral,1.0,3.0,-540.7668116311697,-540.7379818144185,18.09071001139472
278,ni,2.0,cyanate_cyanate_cyanate_cyanate,13.0,square planar,tetrahedral,1.0,3.0,-841.7229975530792,-841.7419576377711,-11.89745314417479
279,ni,2.0,en_en_en_en,25.0,square planar,square planar,1.0,3.0,-549.9129706346957,-549.8955621462221,10.923826517196744
280,ni,2.0,fluoride_fluoride_fluoride_fluoride,5.0,square planar,tetrahedral,1.0,3.0,-568.6592219484181,-568.6785959646425,-12.157195180768952
281,ni,2.0,formaldehyde_formaldehyde_formaldehyde_formaldehyde,17.0,square planar,tetrahedral,1.0,3.0,-626.7820886910299,-626.7892908451938,-4.519351737851025
282,ni,2.0,furan_furan_furan_furan,37.0,square planar,tetrahedral,1.0,3.0,-1088.830998418194,-1088.8341331912625,-1.9670701004810096
283,ni,2.0,hydrogensulfide_hydrogensulfide_hydrogensulfide_hydrogensulfide,13.0,square planar,seesaw,1.0,3.0,-1766.2547156058126,-1766.264978527844,-6.439983574713324
284,ni,2.0,hydroxyl_hydroxyl_hydroxyl_hydroxyl,9.0,tetrahedral,seesaw,1.0,3.0,-472.50034954387166,-472.5262558703397,-16.256219858690173
285,ni,2.0,iodide_iodide_iodide_iodide,5.0,square planar,tetrahedral,1.0,3.0,-215.08175490029697,-215.12445917219983,-26.796930619064625
286,ni,2.0,mebipy_mebipy_mebipy_mebipy,53.0,square planar,seesaw,1.0,3.0,-1316.9854453910652,-1316.988391807703,-1.848876440200229
287,ni,2.0,mec_mec_mec_mec,31.0,square planar,tetrahedral,1.0,3.0,-1011.0104291336456,-1011.0148962554103,-2.803118907432633
288,ni,2.0,methylamine_methylamine_methylamine_methylamine,29.0,square planar,tetrahedral,1.0,3.0,-552.3067820482128,-552.3044209603995,1.4815826028180368
289,ni,2.0,misc_misc_misc_misc,25.0,square planar,seesaw,1.0,3.0,-699.8022744652732,-699.7789939391911,14.608530116511249
290,ni,2.0,ncs_ncs_ncs_ncs,13.0,square planar,tetrahedral,1.0,3.0,-2133.698315852977,-2133.712342876675,-8.801957370471882
291,ni,2.0,ox_ox_ox_ox,13.0,square planar,tetrahedral,1.0,3.0,-923.7100137291528,-923.7053315936324,2.9380400389780448
292,ni,2.0,phen_phen_phen_phen,45.0,square planar,seesaw,1.0,3.0,-1312.1540242411004,-1312.1600257354896,-3.765937729247071
293,ni,2.0,phenisc_phenisc_phenisc_phenisc,53.0,square planar,tetrahedral,1.0,3.0,-1466.799252616258,-1466.7759161908657,14.643606933633464
294,ni,2.0,phosphine_phosphine_phosphine_phosphine,17.0,square planar,tetrahedral,1.0,3.0,-1541.338652074482,-1541.3272932961258,7.127633418531332
295,ni,2.0,pisc_pisc_pisc_pisc,101.0,square planar,tetrahedral,1.0,3.0,-2095.842557437483,-2095.8191705329173,14.675282614877004
297,ni,2.0,pyridine_pyridine_pyridine_pyridine,45.0,square planar,tetrahedral,1.0,3.0,-1162.0779953382842,-1162.072149020042,3.668564696993144
298,ni,2.0,scn_scn_scn_scn,13.0,seesaw,tetrahedral,1.0,3.0,-2133.6337674691595,-2133.6499812058487,-10.174119772487984
299,ni,2.0,tbuc_tbuc_tbuc_tbuc,49.0,square planar,tetrahedral,1.0,3.0,-1246.892609974091,-1246.896663232851,-2.5434198718971857
300,ni,2.0,thiopyridine_thiopyridine_thiopyridine_thiopyridine,49.0,square planar,tetrahedral,1.0,3.0,-2754.833576685713,-2754.8296060108837,2.49159845599479
301,ni,2.0,water_water_water_water,13.0,square planar,seesaw,1.0,3.0,-474.4080485879809,-474.4248296167812,-10.53009557216754
0,co,2.0,acetonitrile_chloride_chloride_chloride,10.0,tetrahedral,trigonal planar,2.0,4.0,-1658.6475167520705,-1658.676297348059,-18.05982398282424
1,co,2.0,acetonitrile_fluoride_fluoride_fluoride,10.0,tetrahedral,trigonal planar,2.0,4.0,-577.4575600520304,-577.5256805771517,-42.74562951357211
2,co,2.0,acetonitrile_acetonitrile_chloride_chloride,15.0,tetrahedral,tetrahedral,2.0,4.0,-1331.0945208449452,-1331.1294254996992,-21.90267085811797
3,co,2.0,acetonitrile_acetonitrile_fluoride_fluoride,15.0,tetrahedral,seesaw,2.0,4.0,-610.3255606530464,-610.3526312377797,-16.986791920169253
4,co,2.0,acetonitrile_acetonitrile_acetonitrile_chloride,20.0,tetrahedral,tetrahedral,2.0,4.0,-1003.4305968344923,-1003.4653794703316,-21.826103989084515
5,co,2.0,acetonitrile_acetonitrile_acetonitrile_fluoride,20.0,tetrahedral,tetrahedral,2.0,4.0,-643.0564058216296,-643.0915219617243,-22.035377909433578
6,co,2.0,ammonia_fluoride_fluoride_fluoride,8.0,tetrahedral,tetrahedral,2.0,4.0,-501.2867030503021,-501.3158430020153,-18.285319700036094
7,co,2.0,ammonia_ammonia_fluoride_fluoride,11.0,square planar,seesaw,2.0,4.0,-457.9655122292222,-457.9731026728956,-4.763003405054462
8,co,2.0,ammonia_ammonia_ammonia_chloride,14.0,square planar,tetrahedral,2.0,4.0,-774.8434517637435,-774.8733205741219,-18.742678512439
9,co,2.0,ammonia_ammonia_ammonia_fluoride,14.0,square planar,tetrahedral,2.0,4.0,-414.4702661873628,-414.48022732608393,-6.250614547532081
10,co,2.0,cn_chloride_chloride_chloride,6.0,tetrahedral,tetrahedral,2.0,4.0,-1618.6917460255045,-1618.7119729399494,-12.692388814204492
11,co,2.0,cn_fluoride_fluoride_fluoride,6.0,tetrahedral,tetrahedral,2.0,4.0,-537.4678445108716,-537.4907873335801,-14.396621249584314
12,co,2.0,cn_cn_fluoride_fluoride,7.0,square planar,tetrahedral,2.0,4.0,-530.5154954413857,-530.5258129870559,-6.474259908053455
13,co,2.0,cn_cn_cn_fluoride,8.0,seesaw,tetrahedral,2.0,4.0,-523.5203330376198,-523.5357519170593,-9.675346848282516
14,co,2.0,fluoride_chloride_chloride_chloride,5.0,tetrahedral,tetrahedral,2.0,4.0,-1625.6920232245536,-1625.7299172104442,-23.778476146354706
15,co,2.0,fluoride_iodide_iodide_iodide,5.0,tetrahedral,tetrahedral,2.0,4.0,-279.23113764254623,-279.3229311583139,-57.600431144217055
16,co,2.0,fluoride_fluoride_chloride_chloride,5.0,tetrahedral,tetrahedral,2.0,4.0,-1265.2839565663187,-1265.3111836228015,-17.084977942984096
17,co,2.0,fluoride_fluoride_iodide_iodide,5.0,unknown,tetrahedral,2.0,4.0,-367.6336907798908,-367.724724084877,-57.123398878830045
19,co,2.0,formaldehyde_chloride_chloride_chloride,8.0,tetrahedral,tetrahedral,2.0,4.0,-1640.4019706122358,-1640.436402471661,-21.60599178933808
21,co,2.0,formaldehyde_formaldehyde_chloride_chloride,11.0,tetrahedral,tetrahedral,2.0,4.0,-1294.5837768737329,-1294.6127345106238,-18.17091714906269
22,co,2.0,formaldehyde_formaldehyde_fluoride_fluoride,11.0,seesaw,tetrahedral,2.0,4.0,-573.828440719117,-573.8592052618242,-19.304750548752168
23,co,2.0,formaldehyde_formaldehyde_formaldehyde_chloride,14.0,tetrahedral,tetrahedral,2.0,4.0,-948.6343457272084,-948.6565675506364,-13.944194201086477
24,co,2.0,formaldehyde_formaldehyde_formaldehyde_fluoride,14.0,square planar,tetrahedral,2.0,4.0,-588.2769580479505,-588.2797085734131,-1.7259547277828349
25,co,2.0,scn_chloride_chloride_chloride,7.0,trigonal planar,tetrahedral,2.0,4.0,-2016.9773638619108,-2016.9595224898028,11.195460997784608
27,co,2.0,scn_scn_chloride_chloride,9.0,tetrahedral,tetrahedral,2.0,4.0,-2047.7522319533853,-2047.7782858684825,-16.348831723515787
29,co,2.0,scn_scn_scn_chloride,11.0,tetrahedral,tetrahedral,2.0,4.0,-2078.581345094559,-2078.6158201165517,-21.633076300244056
30,co,2.0,scn_scn_scn_fluoride,11.0,tetrahedral,tetrahedral,2.0,4.0,-1718.1923466334665,-1718.2198709811812,-17.27152819096716
31,co,3.0,benzisc_chloride_chloride_chloride,20.0,tetrahedral,tetrahedral,1.0,5.0,-1889.5320991800731,-1889.549954213544,-11.204033502941684
32,co,3.0,formaldehyde_chloride_chloride_chloride,8.0,tetrahedral,tetrahedral,1.0,5.0,-1640.2382192895734,-1640.2693710556964,-19.547733242184226
33,co,3.0,formaldehyde_formaldehyde_formaldehyde_chloride,14.0,tetrahedral,tetrahedral,1.0,5.0,-948.1436713519604,-948.1770110362884,-20.92065191588148
34,co,3.0,methylamine_methylamine_methylamine_chloride,23.0,seesaw,tetrahedral,1.0,5.0,-892.3095250950179,-892.3227082359052,-8.272420906811817
35,co,3.0,ncs_chloride_chloride_chloride,7.0,tetrahedral,tetrahedral,1.0,5.0,-2016.91428890314,-2016.9445867331935,-19.011888358597275
36,co,3.0,ncs_ncs_chloride_chloride,9.0,tetrahedral,tetrahedral,1.0,5.0,-2047.7487054338253,-2047.7817697074288,-20.747831686044837
37,co,3.0,ncs_ncs_ncs_chloride,11.0,tetrahedral,tetrahedral,1.0,5.0,-2078.581660137509,-2078.6195159427484,-23.75451778741308
38,co,3.0,scn_scn_chloride_chloride,9.0,trigonal planar,tetrahedral,1.0,5.0,-2047.7125933553737,-2047.7479702261187,-22.198986392369875
39,co,3.0,scn_scn_scn_chloride,11.0,seesaw,tetrahedral,1.0,5.0,-2078.5446185263027,-2078.5676936868517,-14.47966324425579
40,co,3.0,thiopyridine_chloride_chloride_chloride,16.0,tetrahedral,tetrahedral,1.0,5.0,-2172.2341804068674,-2172.26240647549,-17.71185806070889
41,cr,2.0,chloride_chloride_chloride_hydroxyl,6.0,tetrahedral,tetrahedral,1.0,5.0,-1542.8778147170565,-1542.935643981648,-36.28786353111536
42,cr,2.0,fluoride_chloride_chloride_chloride,5.0,tetrahedral,tetrahedral,1.0,5.0,-1566.8909786097165,-1566.9819305371643,-57.07233447349722
43,cr,2.0,fluoride_hydroxyl_hydroxyl_hydroxyl,8.0,tetrahedral,tetrahedral,1.0,5.0,-413.5569844343249,-413.63453655434967,-48.66395531555625
44,cr,2.0,fluoride_iodide_iodide_iodide,5.0,tetrahedral,tetrahedral,1.0,5.0,-220.49242212209825,-220.58871197128704,-60.421880365985245
45,cr,2.0,fluoride_s2-_s2-_s2-,5.0,tetrahedral,tetrahedral,1.0,5.0,-1379.7850601923244,-1379.7924393829312,-4.630442105765837
46,cr,2.0,fluoride_fluoride_hydroxyl_hydroxyl,7.0,tetrahedral,tetrahedral,1.0,5.0,-437.59854230796174,-437.6764221922841,-48.86962741229681
47,cr,2.0,fluoride_fluoride_iodide_iodide,5.0,tetrahedral,unknown,1.0,5.0,-308.8996465874864,-308.99376278036624,-59.05791103208941
48,cr,2.0,fluoride_fluoride_s2-_s2-,5.0,tetrahedral,tetrahedral,1.0,5.0,-1081.8207015795524,-1081.8873118378942,-41.79793710949525
49,cr,2.0,fluoride_fluoride_fluoride_hydroxyl,6.0,tetrahedral,tetrahedral,1.0,5.0,-461.6367055867002,-461.7130013739858,-47.87560652169745
51,cr,2.0,fluoride_fluoride_fluoride_s2-,5.0,tetrahedral,tetrahedral,1.0,5.0,-783.7966099286875,-783.8693690646094,-45.65635779095601
52,cr,3.0,chloride_chloride_hydroxyl_hydroxyl,7.0,tetrahedral,tetrahedral,2.0,4.0,-1158.5615700722046,-1158.5915867757572,-18.835481479205782
53,cr,3.0,chloride_chloride_chloride_hydroxyl,6.0,tetrahedral,tetrahedral,2.0,4.0,-1542.9650188395335,-1542.9958305900882,-19.33437347305926
54,cr,3.0,cyanopyridine_chloride_chloride_chloride,16.0,tetrahedral,tetrahedral,2.0,4.0,-1807.56406003313,-1807.58844803179,-15.303469159089786
55,cr,3.0,cyanopyridine_fluoride_fluoride_fluoride,16.0,tetrahedral,seesaw,2.0,4.0,-726.4861165135654,-726.5103954984024,-15.235062985215391
56,cr,3.0,cyanopyridine_cyanopyridine_chloride_chloride,27.0,tetrahedral,tetrahedral,2.0,4.0,-1687.6338949012218,-1687.6595715043245,-16.11206844682556
57,cr,3.0,cyanopyridine_cyanopyridine_cyanopyridine_chloride,38.0,tetrahedral,tetrahedral,2.0,4.0,-1567.585080021287,-1567.614553101769,-18.49435800240542
58,cr,3.0,cyanopyridine_cyanopyridine_cyanopyridine_fluoride,38.0,tetrahedral,tetrahedral,2.0,4.0,-1207.2304469191015,-1207.2624115667709,-20.05781641225269
59,cr,3.0,fluoride_chloride_chloride_chloride,5.0,tetrahedral,tetrahedral,2.0,4.0,-1567.0020208476478,-1567.0303602115578,-17.78295085348475
60,cr,3.0,fluoride_hydrogensulfide_hydrogensulfide_hydrogensulfide,11.0,tetrahedral,seesaw,2.0,4.0,-1383.660985092096,-1383.689802774806,-18.08309590055103
61,cr,3.0,fluoride_hydroxyl_hydroxyl_hydroxyl,8.0,tetrahedral,tetrahedral,2.0,4.0,-413.7512012847134,-413.78356071847554,-20.305544685759852
62,cr,3.0,fluoride_iodide_iodide_iodide,5.0,tetrahedral,tetrahedral,2.0,4.0,-220.54764124766035,-220.59273079559608,-28.293691329671447
63,cr,3.0,fluoride_fluoride_chloride_chloride,5.0,tetrahedral,tetrahedral,2.0,4.0,-1206.6363138254856,-1206.667825809855,-19.773770191826543
65,cr,3.0,fluoride_fluoride_hydroxyl_hydroxyl,7.0,tetrahedral,tetrahedral,2.0,4.0,-437.7963177743169,-437.8267417355514,-19.09103567466929
66,cr,3.0,fluoride_fluoride_iodide_iodide,5.0,tetrahedral,tetrahedral,2.0,4.0,-309.00850250644635,-309.0474477710892,-24.43815356338717
67,cr,3.0,fluoride_fluoride_fluoride_chloride,5.0,tetrahedral,tetrahedral,2.0,4.0,-846.2606594396011,-846.2923957715639,-19.914548306624056
69,cr,3.0,fluoride_fluoride_fluoride_hydroxyl,6.0,tetrahedral,tetrahedral,2.0,4.0,-461.8410178705646,-461.8686464347368,-17.336924018075877
70,cr,3.0,fluoride_fluoride_fluoride_iodide,5.0,tetrahedral,tetrahedral,2.0,4.0,-397.4416700844465,-397.4857929361284,-27.687089430386607
71,cr,3.0,formaldehyde_formaldehyde_fluoride_fluoride,11.0,tetrahedral,seesaw,2.0,4.0,-514.8398015503876,-514.8762314286482,-22.859748608530023
72,cr,3.0,formaldehyde_formaldehyde_formaldehyde_fluoride,14.0,tetrahedral,seesaw,2.0,4.0,-529.0858832168725,-529.1157106811974,-18.716733863845437
73,cr,3.0,ncs_chloride_chloride_chloride,7.0,tetrahedral,tetrahedral,2.0,4.0,-1958.201152672853,-1958.2297074832204,-17.91814350560344
74,cr,3.0,ncs_fluoride_fluoride_fluoride,7.0,tetrahedral,tetrahedral,2.0,4.0,-877.1017533347803,-877.129842866767,-17.626181321704166
75,cr,3.0,ncs_ncs_chloride_chloride,9.0,tetrahedral,tetrahedral,2.0,4.0,-1989.04086209434,-1989.06280159904,-13.767039199223632
76,cr,3.0,ncs_ncs_fluoride_fluoride,9.0,tetrahedral,tetrahedral,2.0,4.0,-1268.309244837032,-1268.3397767039698,-19.158746503429143
77,cr,3.0,ncs_ncs_ncs_chloride,11.0,tetrahedral,tetrahedral,2.0,4.0,-2019.876660732932,-2019.9011157906928,-15.345548745225416
78,cr,3.0,ncs_ncs_ncs_fluoride,11.0,tetrahedral,tetrahedral,2.0,4.0,-1659.5129990273765,-1659.5385830747302,-16.053989714466752
79,cr,3.0,pyridine_chloride_chloride_chloride,15.0,tetrahedral,tetrahedral,2.0,4.0,-1715.3314857967052,-1715.3596347827877,-17.663488766732485
80,cr,3.0,pyridine_fluoride_fluoride_fluoride,15.0,tetrahedral,seesaw,2.0,4.0,-634.251953922315,-634.2775074986412,-16.03486914466572
81,cr,3.0,pyridine_pyridine_chloride_chloride,25.0,tetrahedral,tetrahedral,2.0,4.0,-1503.1825734488914,-1503.2137808242885,-19.58262806154778
82,cr,3.0,pyridine_pyridine_fluoride_fluoride,25.0,tetrahedral,seesaw,2.0,4.0,-782.4788151601413,-782.5071610320614,-17.787034629877496
83,cr,3.0,pyridine_pyridine_pyridine_chloride,35.0,tetrahedral,seesaw,2.0,4.0,-1290.9277535816552,-1290.9571129880242,-18.42302749650969
84,cr,3.0,pyridine_pyridine_pyridine_fluoride,35.0,tetrahedral,seesaw,2.0,4.0,-930.5765975149554,-930.6065720666664,-18.809031198585444
85,cr,3.0,scn_chloride_chloride_chloride,7.0,tetrahedral,tetrahedral,2.0,4.0,-1958.176173593084,-1958.208939113912,-20.56036431941436
86,cr,3.0,scn_scn_chloride_chloride,9.0,tetrahedral,tetrahedral,2.0,4.0,-1988.9954690976235,-1989.0230477730784,-17.3056188480507
87,cr,3.0,scn_scn_fluoride_fluoride,9.0,tetrahedral,tetrahedral,2.0,4.0,-1268.2743524866412,-1268.2968753562152,-14.133100657687692
88,cr,3.0,scn_scn_scn_chloride,11.0,tetrahedral,tetrahedral,2.0,4.0,-2019.804075059906,-2019.834518493675,-19.10325469007944
89,cr,3.0,scn_scn_scn_fluoride,11.0,tetrahedral,tetrahedral,2.0,4.0,-1659.356980114427,-1659.4710036452584,-71.5497655967323
90,cr,3.0,thiopyridine_chloride_chloride_chloride,16.0,tetrahedral,tetrahedral,2.0,4.0,-2113.518024012685,-2113.5466461833275,-17.960412078101626
91,cr,3.0,thiopyridine_fluoride_fluoride_fluoride,16.0,tetrahedral,tetrahedral,2.0,4.0,-1032.4386960149643,-1032.462110894889,-14.6928371527855
92,cr,3.0,thiopyridine_thiopyridine_chloride_chloride,27.0,tetrahedral,tetrahedral,2.0,4.0,-2299.560157985692,-2299.589304919921,-18.289701229092543
93,cr,3.0,thiopyridine_thiopyridine_fluoride_fluoride,27.0,tetrahedral,seesaw,2.0,4.0,-1578.856457504325,-1578.8836934024828,-17.09052609420553
94,cr,3.0,thiopyridine_thiopyridine_thiopyridine_chloride,38.0,tetrahedral,tetrahedral,2.0,4.0,-2485.5042840474557,-2485.5337273970613,-18.475701877781603
95,cr,3.0,thiopyridine_thiopyridine_thiopyridine_fluoride,38.0,tetrahedral,tetrahedral,2.0,4.0,-2125.153205861491,-2125.1790512233674,-16.21796457733808
96,fe,2.0,cyanate_chloride_chloride_chloride,7.0,tetrahedral,tetrahedral,1.0,5.0,-1672.2967555422867,-1672.352963528521,-35.27051136203113
98,fe,2.0,cyanate_cyanate_chloride_chloride,9.0,tetrahedral,tetrahedral,1.0,5.0,-1380.1534097902045,-1380.2095774567222,-35.24521073999608
99,fe,2.0,cyanate_cyanate_fluoride_fluoride,9.0,seesaw,tetrahedral,1.0,5.0,-659.3215612056428,-659.4201263683802,-61.84963961777271
100,fe,2.0,cyanate_cyanate_water_water,13.0,seesaw,tetrahedral,1.0,5.0,-611.634413950351,-611.6445585693308,-6.365748409811829
101,fe,2.0,cyanate_cyanate_cyanate_chloride,11.0,tetrahedral,tetrahedral,1.0,5.0,-1088.0057558947783,-1088.0621300710116,-35.37479558636335
102,fe,2.0,fluoride_chloride_chloride_chloride,5.0,tetrahedral,tetrahedral,1.0,5.0,-1604.0435454928072,-1604.1034897189536,-37.61500190686547
103,fe,2.0,fluoride_hydrogensulfide_hydrogensulfide_hydrogensulfide,11.0,seesaw,tetrahedral,1.0,5.0,-1421.229116277313,-1421.2839062994624,-34.38073889868008
104,fe,2.0,fluoride_iodide_iodide_iodide,5.0,tetrahedral,tetrahedral,1.0,5.0,-257.6341423764,-257.7088323644635,-46.867967509835466
105,fe,2.0,fluoride_fluoride_chloride_chloride,5.0,tetrahedral,unknown,1.0,5.0,-1243.6402292274686,-1243.7020294059732,-38.77961201167068
106,fe,2.0,fluoride_fluoride_hydrogensulfide_hydrogensulfide,9.0,square planar,unknown,1.0,5.0,-1121.937351462126,-1121.9958809923692,-36.727280227513575
107,fe,2.0,fluoride_fluoride_iodide_iodide,5.0,unknown,tetrahedral,1.0,5.0,-345.97614478785425,-346.1166139332637,-88.14438874442388
110,fe,2.0,formaldehyde_chloride_chloride_chloride,8.0,tetrahedral,tetrahedral,1.0,5.0,-1618.7522952442148,-1618.8104239270033,-36.47574844977896
111,fe,2.0,formaldehyde_fluoride_fluoride_fluoride,8.0,tetrahedral,tetrahedral,1.0,5.0,-537.5700685210458,-537.6393863131497,-43.49691454519871
112,fe,2.0,formaldehyde_water_water_water,14.0,seesaw,tetrahedral,1.0,5.0,-466.6347896314834,-466.6911507878533,-35.366625622087184
113,fe,2.0,formaldehyde_formaldehyde_chloride_chloride,11.0,tetrahedral,tetrahedral,1.0,5.0,-1272.9347052133812,-1272.9847731902828,-31.41765550573723
114,fe,2.0,formaldehyde_formaldehyde_fluoride_fluoride,11.0,tetrahedral,seesaw,1.0,5.0,-552.1824149298483,-552.2472554256682,-40.68741112699229
115,fe,2.0,formaldehyde_formaldehyde_water_water,15.0,square planar,tetrahedral,1.0,5.0,-504.7283768196718,-504.78145306273655,-33.30534252314038
116,fe,2.0,formaldehyde_formaldehyde_formaldehyde_fluoride,14.0,square planar,tetrahedral,1.0,5.0,-566.6233010394718,-566.6693659580616,-28.90573641507672
117,fe,2.0,formaldehyde_formaldehyde_formaldehyde_water,16.0,square planar,tetrahedral,1.0,5.0,-542.8188499816268,-542.8700521860235,-32.12938325889496
119,fe,2.0,furan_water_water_water,19.0,square planar,tetrahedral,1.0,5.0,-582.147292485217,-582.2011610846578,-33.80254614907784
120,fe,2.0,furan_furan_chloride_chloride,21.0,tetrahedral,tetrahedral,1.0,5.0,-1503.9551107750972,-1504.015927997609,-38.16280712614628
121,fe,2.0,furan_furan_fluoride_fluoride,21.0,square planar,T shape,1.0,5.0,-783.2186016505793,-783.2744455457205,-35.04204420107271
122,fe,2.0,furan_furan_water_water,25.0,square planar,tetrahedral,1.0,5.0,-735.750712718905,-735.8023636835827,-32.41098033526896
123,fe,2.0,furan_furan_furan_chloride,29.0,tetrahedral,tetrahedral,1.0,5.0,-1273.509547190412,-1273.5676847728182,-36.48133295980358
124,fe,2.0,furan_furan_furan_water,31.0,seesaw,tetrahedral,1.0,5.0,-889.348893168552,-889.4008209672003,-32.584693651812984
125,fe,2.0,ncs_chloride_chloride_chloride,7.0,tetrahedral,tetrahedral,1.0,5.0,-1995.2916315015768,-1995.345744053957,-33.95562661876511
126,fe,2.0,ncs_fluoride_fluoride_fluoride,7.0,tetrahedral,trigonal planar,1.0,5.0,-914.0821188862178,-914.2354950895176,-96.24356757054414
127,fe,2.0,ncs_ncs_chloride_chloride,9.0,tetrahedral,tetrahedral,1.0,5.0,-2026.139761582488,-2026.1946994156424,-34.47349030448265
128,fe,2.0,ncs_ncs_fluoride_fluoride,9.0,seesaw,tetrahedral,1.0,5.0,-1305.3187586358813,-1305.41043472285,-57.52674457280818
129,fe,2.0,ncs_ncs_water_water,13.0,seesaw,tetrahedral,1.0,5.0,-1258.4304041472287,-1258.4816609859135,-32.16366627472553
130,fe,2.0,ncs_ncs_ncs_chloride,11.0,tetrahedral,tetrahedral,1.0,5.0,-2056.987455202981,-2057.039762594796,-32.82288836378257
131,fe,2.0,ncs_ncs_ncs_fluoride,11.0,seesaw,tetrahedral,1.0,5.0,-1696.57100602767,-1696.6521891504176,-50.94240952403197
132,fe,2.0,ncs_ncs_ncs_water,13.0,seesaw,tetrahedral,1.0,5.0,-1673.153191912663,-1673.2341418413916,-50.79608027720553
133,fe,2.0,pyridine_chloride_chloride_chloride,15.0,tetrahedral,tetrahedral,1.0,5.0,-1752.5409721151314,-1752.600395953516,-37.28845858636532
134,fe,2.0,pyridine_fluoride_fluoride_fluoride,15.0,seesaw,tetrahedral,1.0,5.0,-671.3554715224375,-671.4320332984379,-48.04251444025312
135,fe,2.0,pyridine_water_water_water,21.0,seesaw,tetrahedral,1.0,5.0,-600.4659780960936,-600.5159844701805,-31.378999739479525
136,fe,2.0,pyridine_pyridine_chloride_chloride,25.0,tetrahedral,tetrahedral,1.0,5.0,-1540.5386528942877,-1540.5903309107507,-32.42795533069341
137,fe,2.0,pyridine_pyridine_fluoride_fluoride,25.0,square planar,seesaw,1.0,5.0,-819.8054494239542,-819.8387440757965,-20.8923940310504
138,fe,2.0,pyridine_pyridine_water_water,29.0,square planar,tetrahedral,1.0,5.0,-772.3794687342646,-772.4259155874526,-29.145400375435315
139,fe,2.0,pyridine_pyridine_pyridine_chloride,35.0,tetrahedral,tetrahedral,1.0,5.0,-1328.409874058922,-1328.4559459060556,-28.910084076327397
140,fe,2.0,pyridine_pyridine_pyridine_fluoride,35.0,seesaw,tetrahedral,1.0,5.0,-968.0418265817012,-968.0864908868456,-28.02685147800929
141,fe,2.0,pyridine_pyridine_pyridine_water,37.0,square planar,tetrahedral,1.0,5.0,-944.2846653756932,-944.3272697200986,-26.73422611431107
142,fe,2.0,scn_chloride_chloride_chloride,7.0,tetrahedral,trigonal planar,1.0,5.0,-1995.273637182085,-1995.38868696627,-72.19373957621485
144,fe,2.0,scn_water_water_water,13.0,square planar,tetrahedral,1.0,5.0,-843.5399246410358,-843.5869267137914,-29.493800654149997
145,fe,2.0,scn_scn_chloride_chloride,9.0,tetrahedral,tetrahedral,1.0,5.0,-2026.1043189832733,-2026.1585640420185,-34.03877436247626
146,fe,2.0,scn_scn_fluoride_fluoride,9.0,tetrahedral,trigonal planar,1.0,5.0,-1305.324848287191,-1305.3840162552538,-37.12789995944832
147,fe,2.0,scn_scn_water_water,13.0,square planar,tetrahedral,1.0,5.0,-1258.4121860741857,-1258.4483361997036,-22.68420376248628
148,fe,2.0,scn_scn_scn_chloride,11.0,tetrahedral,tetrahedral,1.0,5.0,-2056.930017431352,-2056.9825416709973,-32.95896037765374
149,fe,2.0,scn_scn_scn_fluoride,11.0,seesaw,tetrahedral,1.0,5.0,-1696.5142072527656,-1696.604669665601,-56.76516405424479
150,fe,2.0,scn_scn_scn_water,13.0,seesaw,tetrahedral,1.0,5.0,-1673.148362315064,-1673.1914227392915,-27.020416202839783
151,fe,2.0,water_chloride_chloride_chloride,7.0,tetrahedral,tetrahedral,1.0,5.0,-1580.6762698355933,-1580.7340461231574,-36.2546204464968
153,fe,2.0,water_hydrogensulfide_hydrogensulfide_hydrogensulfide,13.0,seesaw,tetrahedral,1.0,5.0,-1397.3884177915793,-1397.46197298335,-46.15588283615523
154,fe,2.0,water_iodide_iodide_iodide,7.0,tetrahedral,tetrahedral,1.0,5.0,-234.2204552760953,-234.3066388179111,-54.08017248940524
155,fe,2.0,water_water_fluoride_fluoride,9.0,square planar,tetrahedral,1.0,5.0,-476.02249984335015,-476.06937851950966,-29.41636929009149
156,fe,2.0,water_water_hydrogensulfide_hydrogensulfide,13.0,seesaw,tetrahedral,1.0,5.0,-1074.430276743482,-1074.5080651178196,-48.81220489685347
157,fe,2.0,water_water_iodide_iodide,9.0,seesaw,tetrahedral,1.0,5.0,-299.15456532096744,-299.19981862678566,-28.39644940093379
158,fe,2.0,water_water_water_chloride,11.0,square planar,tetrahedral,1.0,5.0,-812.7329132729219,-812.7788105315447,-28.80052978577225
159,fe,2.0,water_water_water_fluoride,11.0,square planar,tetrahedral,1.0,5.0,-452.3621873044632,-452.4092819970091,-29.551919572550677
160,fe,2.0,water_water_water_hydrogensulfide,13.0,seesaw,tetrahedral,1.0,5.0,-751.4719049587476,-751.5535276132688,-51.21821571205146
161,fe,2.0,water_water_water_iodide,11.0,tetrahedral,tetrahedral,1.0,5.0,-363.89175361983496,-363.9662861358678,-46.76915381060212
162,fe,3.0,acetonitrile_chloride_chloride_chloride,10.0,tetrahedral,tetrahedral,2.0,6.0,-1636.869468358919,-1636.9295228685337,-37.684204783225255
163,fe,3.0,acetonitrile_fluoride_fluoride_fluoride,10.0,tetrahedral,tetrahedral,2.0,6.0,-555.7674087862305,-555.8261993768594,-36.89109561968081
164,fe,3.0,acetonitrile_acetonitrile_fluoride_fluoride,15.0,seesaw,tetrahedral,2.0,6.0,-588.4398520618995,-588.495285636056,-34.78456778320094
165,fe,3.0,acetonitrile_acetonitrile_acetonitrile_fluoride,20.0,seesaw,tetrahedral,2.0,6.0,-620.9844665410747,-621.0414081636633,-35.730868174361774
166,fe,3.0,ammonia_chloride_chloride_chloride,8.0,tetrahedral,tetrahedral,2.0,6.0,-1560.6898516665915,-1560.7444416767144,-34.25523135209801
167,fe,3.0,ammonia_fluoride_fluoride_fluoride,8.0,tetrahedral,tetrahedral,2.0,6.0,-479.58027952299057,-479.6406209886474,-37.86426969970748
168,fe,3.0,ammonia_ammonia_fluoride_fluoride,11.0,seesaw,tetrahedral,2.0,6.0,-436.05785490133786,-436.10348335680806,-28.6318558075466
169,fe,3.0,ammonia_ammonia_ammonia_fluoride,14.0,seesaw,tetrahedral,2.0,6.0,-392.36460720936935,-392.4085897104465,-27.599019425877746
170,fe,3.0,benzisc_fluoride_fluoride_fluoride,20.0,tetrahedral,tetrahedral,2.0,6.0,-786.7932418458843,-786.8468631017345,-33.647338046002346
171,fe,3.0,benzisc_benzisc_fluoride_fluoride,35.0,tetrahedral,tetrahedral,2.0,6.0,-1050.4646695680794,-1050.544153237227,-49.87600239006952
172,fe,3.0,benzisc_benzisc_benzisc_fluoride,50.0,square planar,tetrahedral,2.0,6.0,-1314.1423233184323,-1314.1571548126462,-9.306762619093549
173,fe,3.0,cyanopyridine_chloride_chloride_chloride,16.0,tetrahedral,tetrahedral,2.0,6.0,-1844.6539378762243,-1844.7093071904087,-34.7442446505795
174,fe,3.0,cyanopyridine_fluoride_fluoride_fluoride,16.0,tetrahedral,tetrahedral,2.0,6.0,-763.5519805325424,-763.609148544575,-35.87292755042398
175,fe,3.0,cyanopyridine_cyanopyridine_cyanopyridine_chloride,38.0,tetrahedral,tetrahedral,2.0,6.0,-1604.6830774794064,-1604.7256827450728,-26.73480420569888
176,fe,3.0,cyanopyridine_cyanopyridine_cyanopyridine_fluoride,38.0,tetrahedral,tetrahedral,2.0,6.0,-1244.3236375349825,-1244.3652275713594,-26.097747826631235
177,fe,3.0,fluoride_chloride_chloride_chloride,5.0,tetrahedral,tetrahedral,2.0,6.0,-1604.0823305813724,-1604.1467540694462,-40.42573876629149
178,fe,3.0,fluoride_iodide_iodide_iodide,5.0,tetrahedral,tetrahedral,2.0,6.0,-257.71084195574883,-257.7168285211273,-3.756569774986218
179,fe,3.0,fluoride_fluoride_chloride_chloride,5.0,tetrahedral,tetrahedral,2.0,6.0,-1243.7072684805355,-1243.7729982574028,-41.24543498410617
180,fe,3.0,fluoride_fluoride_iodide_iodide,5.0,tetrahedral,tetrahedral,2.0,6.0,-346.09141942823817,-346.15510721156016,-39.9640840345522
181,fe,3.0,fluoride_fluoride_fluoride_chloride,5.0,tetrahedral,tetrahedral,2.0,6.0,-883.3300300657183,-883.3960650458287,-41.43695001922367
182,fe,3.0,fluoride_fluoride_fluoride_iodide,5.0,tetrahedral,tetrahedral,2.0,6.0,-434.5471771151513,-434.5889985552352,-26.242953652634213
183,fe,3.0,formaldehyde_fluoride_fluoride_fluoride,8.0,tetrahedral,tetrahedral,2.0,6.0,-537.5168360032056,-537.5721616573911,-34.71684800138917
184,fe,3.0,formaldehyde_formaldehyde_chloride_chloride,11.0,tetrahedral,tetrahedral,2.0,6.0,-1272.636164454789,-1272.6913610670863,-34.63587421671264
185,fe,3.0,formaldehyde_formaldehyde_fluoride_fluoride,11.0,square planar,tetrahedral,2.0,6.0,-551.9175819124334,-551.9613151893991,-27.44263129595652
186,fe,3.0,formaldehyde_formaldehyde_formaldehyde_chloride,14.0,tetrahedral,tetrahedral,2.0,6.0,-926.5254599877904,-926.57822014911,-33.10700122805599
187,fe,3.0,formaldehyde_formaldehyde_formaldehyde_fluoride,14.0,seesaw,tetrahedral,2.0,6.0,-566.1564472915243,-566.2091197836677,-33.05198881999303
188,fe,3.0,methylamine_fluoride_fluoride_fluoride,11.0,tetrahedral,tetrahedral,2.0,6.0,-518.8902736047677,-518.9486104863768,-36.6063932096975
189,fe,3.0,methylamine_methylamine_fluoride_fluoride,17.0,seesaw,tetrahedral,2.0,6.0,-514.6886102761439,-514.7246149707275,-22.592945851242234
190,fe,3.0,methylamine_methylamine_methylamine_fluoride,23.0,seesaw,tetrahedral,2.0,6.0,-510.32019911264376,-510.3562324634561,-22.610927634729308
191,fe,3.0,ncs_chloride_chloride_chloride,7.0,tetrahedral,tetrahedral,2.0,6.0,-1995.2883965286144,-1995.351633958583,-39.68148730549842
192,fe,3.0,ncs_fluoride_fluoride_fluoride,7.0,tetrahedral,tetrahedral,2.0,6.0,-914.1616703922684,-914.2317981348413,-44.00515846430324
193,fe,3.0,ncs_ncs_chloride_chloride,9.0,tetrahedral,tetrahedral,2.0,6.0,-2026.1247564198968,-2026.187910364898,-39.62910048839831
194,fe,3.0,ncs_ncs_fluoride_fluoride,9.0,tetrahedral,tetrahedral,2.0,6.0,-1305.379037954682,-1305.4438282182257,-40.65589037354641
195,fe,3.0,ncs_ncs_ncs_chloride,11.0,tetrahedral,tetrahedral,2.0,6.0,-2056.960425348139,-2057.0224558235286,-38.92412330706634
196,fe,3.0,ncs_ncs_ncs_fluoride,11.0,tetrahedral,tetrahedral,2.0,6.0,-1696.5886591556523,-1696.6510646860909,-39.1594703502102
197,fe,3.0,pyridine_chloride_chloride_chloride,15.0,tetrahedral,tetrahedral,2.0,6.0,-1752.421932766321,-1752.4771815863844,-34.66863458971943
198,fe,3.0,pyridine_fluoride_fluoride_fluoride,15.0,tetrahedral,tetrahedral,2.0,6.0,-671.309355982786,-671.3761299523588,-41.90066590697228
199,fe,3.0,pyridine_pyridine_fluoride_fluoride,25.0,seesaw,tetrahedral,2.0,6.0,-819.5620111789581,-819.5989259741912,-23.164034008762545
200,fe,3.0,pyridine_pyridine_pyridine_chloride,35.0,tetrahedral,tetrahedral,2.0,6.0,-1328.0264971555348,-1328.0666464835972,-25.193703359154824
201,fe,3.0,pyridine_pyridine_pyridine_fluoride,35.0,tetrahedral,tetrahedral,2.0,6.0,-967.665094553304,-967.7061106456504,-25.737597947408236
202,fe,3.0,scn_chloride_chloride_chloride,7.0,tetrahedral,tetrahedral,2.0,6.0,-1995.2736991875652,-1995.3297229973136,-35.15494061702043
203,fe,3.0,scn_fluoride_fluoride_fluoride,7.0,tetrahedral,tetrahedral,2.0,6.0,-914.1439078932584,-914.2139448881304,-43.94821428217881
204,fe,3.0,scn_scn_chloride_chloride,9.0,tetrahedral,tetrahedral,2.0,6.0,-2026.091467702374,-2026.1417128746748,-31.528845618701663
205,fe,3.0,scn_scn_fluoride_fluoride,9.0,tetrahedral,tetrahedral,2.0,6.0,-1305.3499371223068,-1305.4030094572845,-33.30289019839029
206,fe,3.0,scn_scn_scn_chloride,11.0,tetrahedral,tetrahedral,2.0,6.0,-2056.9117344438555,-2056.952194363594,-25.38859963598611
207,fe,3.0,scn_scn_scn_fluoride,11.0,seesaw,tetrahedral,2.0,6.0,-1696.542998752078,-1696.5857022341786,-26.796435018050037
208,fe,3.0,thiopyridine_chloride_chloride_chloride,16.0,tetrahedral,tetrahedral,2.0,6.0,-2150.6089590186343,-2150.664263042339,-34.70327487463237
209,fe,3.0,thiopyridine_fluoride_fluoride_fluoride,16.0,tetrahedral,tetrahedral,2.0,6.0,-1069.5080705472387,-1069.5622927394631,-34.02442562082058
210,fe,3.0,thiopyridine_thiopyridine_fluoride_fluoride,27.0,seesaw,tetrahedral,2.0,6.0,-1615.9401817544638,-1615.9768009396064,-22.97853867699814
211,fe,3.0,thiopyridine_thiopyridine_thiopyridine_chloride,38.0,tetrahedral,tetrahedral,2.0,6.0,-2522.6030108586147,-2522.64627068516,-27.145541157101437
212,fe,3.0,thiopyridine_thiopyridine_thiopyridine_fluoride,38.0,tetrahedral,tetrahedral,2.0,6.0,-2162.243693001673,-2162.285511699504,-26.24123288916053
213,mn,2.0,chloride_chloride_chloride_hydroxyl,6.0,tetrahedral,tetrahedral,2.0,6.0,-1560.4772399753513,-1560.5726729370042,-59.88418343721492
214,mn,2.0,cyanate_chloride_chloride_chloride,7.0,tetrahedral,tetrahedral,2.0,6.0,-1652.7705004370664,-1652.8734408474315,-64.59510750412278
215,mn,2.0,cyanate_cyanate_chloride_chloride,9.0,tetrahedral,tetrahedral,2.0,6.0,-1360.6347938407373,-1360.7287569900698,-58.96187620612295
216,mn,2.0,cyanate_cyanate_cyanate_chloride,11.0,tetrahedral,tetrahedral,2.0,6.0,-1068.486790610402,-1068.5817665488305,-59.597401363699305
217,mn,2.0,furan_chloride_chloride_chloride,13.0,tetrahedral,tetrahedral,2.0,6.0,-1714.7492607949705,-1714.8406412034738,-57.34120633593534
218,mn,2.0,furan_furan_chloride_chloride,21.0,tetrahedral,seesaw,2.0,6.0,-1484.4376535351062,-1484.530098619865,-58.00929068612504
219,mn,2.0,furan_furan_furan_chloride,29.0,tetrahedral,tetrahedral,2.0,6.0,-1253.975360660695,-1254.0796438513505,-65.4377021361529
220,mn,2.0,ncs_chloride_chloride_chloride,7.0,tetrahedral,tetrahedral,2.0,6.0,-1975.7738288628111,-1975.866086692566,-57.89178817126185
221,mn,2.0,ncs_ncs_chloride_chloride,9.0,tetrahedral,tetrahedral,2.0,6.0,-2006.6214093100664,-2006.712413627644,-57.10520927986352
222,mn,2.0,ncs_ncs_ncs_chloride,11.0,tetrahedral,tetrahedral,2.0,6.0,-2037.4682714326689,-2037.557001020832,-55.67781657214312
223,mn,2.0,pph3_chloride_chloride_chloride,38.0,tetrahedral,tetrahedral,2.0,6.0,-2521.035509355429,-2521.124302401693,-55.71763653042012
224,mn,2.0,pph3_pph3_chloride_chloride,71.0,tetrahedral,tetrahedral,2.0,6.0,-3097.02123492499,-3097.099409720127,-49.05468394838863
225,mn,2.0,pph3_pph3_pph3_chloride,104.0,tetrahedral,tetrahedral,2.0,6.0,-3672.8981021242953,-3672.981019929328,-52.03092265823784
226,mn,2.0,thiopyridine_chloride_chloride_chloride,16.0,tetrahedral,tetrahedral,2.0,6.0,-2131.2137990761244,-2131.30227166581,-55.516550027844005
227,mn,2.0,thiopyridine_thiopyridine_chloride_chloride,27.0,tetrahedral,tetrahedral,2.0,6.0,-2317.3895234107995,-2317.4726018487054,-52.13171978595028
228,mn,2.0,thiopyridine_thiopyridine_thiopyridine_chloride,38.0,tetrahedral,tetrahedral,2.0,6.0,-2503.4454218736587,-2503.5276360522794,-51.589397084482016
229,mn,3.0,cyanopyridine_chloride_chloride_chloride,16.0,tetrahedral,seesaw,1.0,5.0,-1825.145812958612,-1825.198200362949,-32.873096221447895
230,mn,3.0,cyanopyridine_cyanopyridine_chloride_chloride,27.0,tetrahedral,seesaw,1.0,5.0,-1705.21473861425,-1705.2658104214445,-32.047559014328044
231,mn,3.0,cyanopyridine_cyanopyridine_cyanopyridine_chloride,38.0,tetrahedral,seesaw,1.0,5.0,-1585.1702739432335,-1585.222673284782,-32.88058682160852
232,mn,3.0,formaldehyde_chloride_chloride_chloride,8.0,tetrahedral,tetrahedral,1.0,5.0,-1599.1041597836804,-1599.1630969355824,-36.98306281850535
233,mn,3.0,formaldehyde_formaldehyde_chloride_chloride,11.0,tetrahedral,tetrahedral,1.0,5.0,-1253.1285443420006,-1253.1826656852754,-33.96114290493756
234,mn,3.0,pyridine_chloride_chloride_chloride,15.0,tetrahedral,tetrahedral,1.0,5.0,-1732.9139469259749,-1732.9651260696685,-32.11491266760163
235,mn,3.0,pyridine_pyridine_chloride_chloride,25.0,tetrahedral,seesaw,1.0,5.0,-1520.7654301282373,-1520.815945827094,-31.698601032623515
236,mn,3.0,pyridine_pyridine_pyridine_chloride,35.0,tetrahedral,seesaw,1.0,5.0,-1308.5127591238609,-1308.564736452897,-32.615773970192095
237,mn,3.0,thiopyridine_chloride_chloride_chloride,16.0,tetrahedral,tetrahedral,1.0,5.0,-2131.100897601339,-2131.152546132408,-32.40945324556037
238,mn,3.0,thiopyridine_thiopyridine_chloride_chloride,27.0,tetrahedral,seesaw,1.0,5.0,-2317.1439216393437,-2317.193515845995,-31.120364674015946
239,mn,3.0,thiopyridine_thiopyridine_thiopyridine_chloride,38.0,tetrahedral,tetrahedral,1.0,5.0,-2503.0897799528275,-2503.133187562151,-27.23827485041284
241,ni,2.0,acetonitrile_acetonitrile_fluoride_fluoride,15.0,square planar,seesaw,1.0,3.0,-634.5604480287969,-634.5640302491315,-2.2478432599481835
242,ni,2.0,acetonitrile_acetonitrile_acetonitrile_fluoride,20.0,square planar,tetrahedral,1.0,3.0,-667.283409468803,-667.2905685622854,-4.492331160215031
243,ni,2.0,cyanate_fluoride_fluoride_fluoride,7.0,trigonal pyramidal,tetrahedral,1.0,3.0,-636.9483955824019,-636.9639566317505,-9.764558466285392
245,ni,2.0,cyanate_cyanate_cyanate_fluoride,11.0,square planar,tetrahedral,1.0,3.0,-773.4792043580462,-773.497209088807,-11.297968552415796
246,ni,2.0,pyridine_fluoride_fluoride_fluoride,15.0,trigonal planar,tetrahedral,1.0,3.0,-717.2383016149994,-717.2518458178724,-8.498987302838543
247,ni,2.0,pyridine_pyridine_fluoride_fluoride,25.0,square planar,seesaw,1.0,3.0,-865.6816406283403,-865.668032038275,8.539390266013243
248,ni,2.0,pyridine_pyridine_pyridine_fluoride,35.0,square planar,tetrahedral,1.0,3.0,-1013.9258238136548,-1013.9261612539808,-0.2117438045692665
249,ni,2.0,thiopyridine_fluoride_fluoride_fluoride,16.0,square planar,tetrahedral,1.0,3.0,-1115.438572771751,-1115.4406002958192,-1.2722713527489304
250,ni,2.0,thiopyridine_thiopyridine_fluoride_fluoride,27.0,square planar,square planar,1.0,3.0,-1662.053773427475,-1662.0463686732817,4.646483256520355
251,ni,2.0,thiopyridine_thiopyridine_thiopyridine_fluoride,38.0,square planar,seesaw,1.0,3.0,-2208.487416268512,-2208.487883121561,-0.2929502883398527
252,co,2.0,acetonitrile_iodide_iodide_iodide,10.0,tetrahedral,tetrahedral,2.0,4.0,-312.2313279144174,-312.2640772808267,-20.55022742183027
253,co,2.0,acetonitrile_acetonitrile_iodide_iodide,15.0,seesaw,tetrahedral,2.0,4.0,-433.4770263059344,-433.5017430630861,-15.509765112679048
254,co,2.0,acetonitrile_acetonitrile_acetonitrile_iodide,20.0,tetrahedral,tetrahedral,2.0,4.0,-554.6222565424605,-554.6416122777594,-12.145723900034112
255,co,2.0,ammonia_ammonia_iodide_iodide,11.0,square planar,tetrahedral,2.0,4.0,-281.1112514905219,-281.1346244861649,-14.666554765983191
256,co,2.0,ammonia_ammonia_ammonia_iodide,14.0,tetrahedral,tetrahedral,2.0,4.0,-326.0406496823744,-326.0470498545434,-4.01610803603532
257,co,2.0,cn_iodide_iodide_iodide,6.0,tetrahedral,tetrahedral,2.0,4.0,-272.2909805378844,-272.31359789171245,-14.19238952712135
258,co,2.0,cn_cn_iodide_iodide,7.0,square planar,tetrahedral,2.0,4.0,-353.70402529899144,-353.7179748300147,-8.753330717111965
259,co,2.0,cn_cn_cn_iodide,8.0,square planar,tetrahedral,2.0,4.0,-435.120440509666,-435.13312950146417,-7.962342353334719
260,co,2.0,formaldehyde_iodide_iodide_iodide,8.0,tetrahedral,tetrahedral,2.0,4.0,-293.9814888273019,-294.00635747548233,-15.605076733210836
261,co,2.0,formaldehyde_formaldehyde_iodide_iodide,11.0,tetrahedral,tetrahedral,2.0,4.0,-396.96647931987,-396.9971453027715,-19.24290427072449
262,co,2.0,formaldehyde_formaldehyde_formaldehyde_iodide,14.0,tetrahedral,tetrahedral,2.0,4.0,-499.824722078658,-499.8589816692073,-21.49789306969282
263,co,2.0,scn_iodide_iodide_iodide,7.0,tetrahedral,tetrahedral,2.0,4.0,-670.5129844474607,-670.5487155230312,-22.42124992051288
264,co,2.0,scn_scn_iodide_iodide,9.0,tetrahedral,tetrahedral,2.0,4.0,-1150.1458754868215,-1150.1667057884597,-13.071014277952033
265,co,2.0,scn_scn_scn_iodide,11.0,tetrahedral,tetrahedral,2.0,4.0,-1629.6889141691506,-1629.7935974009415,-65.68872794878132
266,co,3.0,benzisc_iodide_iodide_iodide,20.0,seesaw,tetrahedral,1.0,5.0,-543.1131409003317,-543.1423115637645,-18.304591304051318
267,co,3.0,benzisc_benzisc_iodide_iodide,35.0,square planar,tetrahedral,1.0,5.0,-895.2976642405612,-895.2894901719517,5.129228052456085
268,co,3.0,benzisc_benzisc_benzisc_iodide,50.0,seesaw,tetrahedral,1.0,5.0,-1247.3438471744143,-1247.3537254277917,-6.19860399427921
269,co,3.0,formaldehyde_iodide_iodide_iodide,8.0,tetrahedral,tetrahedral,1.0,5.0,-293.80478689609873,-293.8531986259191,-30.37836046228392
270,co,3.0,formaldehyde_formaldehyde_iodide_iodide,11.0,square planar,tetrahedral,1.0,5.0,-396.6848061388407,-396.7054811886152,-12.973593733514264
271,co,3.0,formaldehyde_formaldehyde_formaldehyde_iodide,14.0,seesaw,tetrahedral,1.0,5.0,-499.34769635285096,-499.4095616478618,-38.82047261932428
272,co,3.0,methylamine_iodide_iodide_iodide,11.0,square planar,tetrahedral,1.0,5.0,-275.21966223252474,-275.23686635499485,-10.795586849990713
273,co,3.0,methylamine_methylamine_iodide_iodide,17.0,square planar,tetrahedral,1.0,5.0,-359.4453426818649,-359.4511559242786,-3.647809614628841
274,co,3.0,methylamine_methylamine_methylamine_iodide,23.0,tetrahedral,tetrahedral,1.0,5.0,-443.5069691350439,-443.5493049403025,-26.56571779979089
275,co,3.0,ncs_iodide_iodide_iodide,7.0,seesaw,tetrahedral,1.0,5.0,-670.481929303234,-670.5245343158614,-26.734645423696577
276,co,3.0,ncs_ncs_iodide_iodide,9.0,seesaw,tetrahedral,1.0,5.0,-1150.130528885208,-1150.1686516867894,-23.92205799238752
277,co,3.0,ncs_ncs_ncs_iodide,11.0,seesaw,tetrahedral,1.0,5.0,-1629.7689000723317,-1629.8124433933326,-27.32343392808048
278,co,3.0,scn_iodide_iodide_iodide,7.0,tetrahedral,trigonal planar,1.0,5.0,-670.4836150016819,-670.5007095765549,-10.726845732806964
279,co,3.0,scn_scn_iodide_iodide,9.0,tetrahedral,tetrahedral,1.0,5.0,-1150.099642942453,-1150.133106387332,-20.9983116614859
280,co,3.0,scn_scn_scn_iodide,11.0,seesaw,tetrahedral,1.0,5.0,-1629.7332301819597,-1629.7561655550717,-14.391946627908396
281,co,3.0,thiopyridine_iodide_iodide_iodide,16.0,seesaw,tetrahedral,1.0,5.0,-825.8043875549315,-825.8499295131244,-28.57757876602648
282,co,3.0,thiopyridine_thiopyridine_iodide_iodide,27.0,square planar,tetrahedral,1.0,5.0,-1460.6895816446286,-1460.7070025550172,-10.931621268869662
283,co,3.0,thiopyridine_thiopyridine_thiopyridine_iodide,38.0,square planar,tetrahedral,1.0,5.0,-2095.4408558603,-2095.45962621388,-11.778396871063704
288,cr,2.0,iodide_iodide_iodide_hydroxyl,6.0,tetrahedral,tetrahedral,1.0,5.0,-196.4476339963171,-196.5439843269633,-60.45983248051023
290,cr,3.0,cyanopyridine_iodide_iodide_iodide,16.0,tetrahedral,tetrahedral,2.0,4.0,-461.09768741548015,-461.1420671608381,-27.848290212118485
291,cr,3.0,cyanopyridine_cyanopyridine_iodide_iodide,27.0,tetrahedral,tetrahedral,2.0,4.0,-789.9955955767942,-790.0268297334133,-19.599433278426943
292,cr,3.0,cyanopyridine_cyanopyridine_cyanopyridine_iodide,38.0,tetrahedral,tetrahedral,2.0,4.0,-1118.762648930314,-1118.8002619175202,-23.60214947182953
293,cr,3.0,formaldehyde_iodide_iodide_iodide,8.0,tetrahedral,seesaw,2.0,4.0,-235.07273937231352,-235.1095047229136,-23.0702575015399
295,cr,3.0,formaldehyde_formaldehyde_formaldehyde_iodide,14.0,tetrahedral,square planar,2.0,4.0,-440.62846982086046,-440.67448149111146,-28.8723230825056
296,cr,3.0,iodide_hydrogensulfide_hydrogensulfide_hydrogensulfide,11.0,tetrahedral,square planar,2.0,4.0,-1295.2052838348193,-1295.2582127345263,-33.212884566150365
298,cr,3.0,iodide_iodide_hydrogensulfide_hydrogensulfide,9.0,tetrahedral,seesaw,2.0,4.0,-907.6506003667422,-907.6907224482334,-25.17660613571337
299,cr,3.0,iodide_iodide_hydroxyl_hydroxyl,7.0,tetrahedral,tetrahedral,2.0,4.0,-260.9345014645166,-260.97668690440145,-26.471363527750214
300,cr,3.0,iodide_iodide_iodide_hydrogensulfide,7.0,tetrahedral,trigonal pyramidal,2.0,4.0,-519.9450369749659,-519.9807815355011,-22.42971173586909
301,cr,3.0,iodide_iodide_iodide_hydroxyl,6.0,tetrahedral,tetrahedral,2.0,4.0,-196.5289475904678,-196.56055812187557,-19.835608458363367
302,cr,3.0,ncs_iodide_iodide_iodide,7.0,tetrahedral,tetrahedral,2.0,4.0,-611.7576689883476,-611.7907792537649,-20.776691549315277
303,cr,3.0,ncs_ncs_iodide_iodide,9.0,tetrahedral,tetrahedral,2.0,4.0,-1091.38998397448,-1091.4411966315552,-32.135942314695285
304,cr,3.0,ncs_ncs_ncs_iodide,11.0,tetrahedral,tetrahedral,2.0,4.0,-1571.0626407553962,-1571.0869866279115,-15.277035003393848
305,cr,3.0,pyridine_iodide_iodide_iodide,15.0,tetrahedral,tetrahedral,2.0,4.0,-368.8768863165827,-368.9112546700759,-21.566141816960567
306,cr,3.0,pyridine_pyridine_iodide_iodide,25.0,tetrahedral,tetrahedral,2.0,4.0,-605.5385319905852,-605.5779187017368,-24.715161247678168
307,cr,3.0,pyridine_pyridine_pyridine_iodide,35.0,tetrahedral,tetrahedral,2.0,4.0,-842.1100648496587,-842.1425166983217,-20.36353503607785
308,cr,3.0,scn_iodide_iodide_iodide,7.0,tetrahedral,tetrahedral,2.0,4.0,-611.7225394351894,-611.7683889760871,-28.770586913256864
309,cr,3.0,scn_scn_iodide_iodide,9.0,tetrahedral,tetrahedral,2.0,4.0,-1091.3533386763806,-1091.3917123233489,-24.07946347242728
310,cr,3.0,scn_scn_scn_iodide,11.0,tetrahedral,tetrahedral,2.0,4.0,-1570.9388095360716,-1571.0201654202924,-51.05081734854196
311,cr,3.0,thiopyridine_iodide_iodide_iodide,16.0,tetrahedral,tetrahedral,2.0,4.0,-767.0635927720579,-767.0956997556276,-20.14713219001635
312,cr,3.0,thiopyridine_thiopyridine_iodide_iodide,27.0,tetrahedral,tetrahedral,2.0,4.0,-1401.915159662303,-1401.9546750498846,-24.79590570742857
313,cr,3.0,thiopyridine_thiopyridine_thiopyridine_iodide,38.0,tetrahedral,tetrahedral,2.0,4.0,-2036.6805319886173,-2036.718475708988,-23.809684532234314
314,fe,2.0,cyanate_iodide_iodide_iodide,7.0,tetrahedral,tetrahedral,1.0,5.0,-325.84897106138004,-325.94427975102394,-59.80620275154749
315,fe,2.0,cyanate_cyanate_iodide_iodide,9.0,tetrahedral,tetrahedral,1.0,5.0,-482.5025698434404,-482.6013860054028,-62.007141631417255
316,fe,2.0,cyanate_cyanate_cyanate_iodide,11.0,tetrahedral,tetrahedral,1.0,5.0,-639.1624920554907,-639.2572247895082,-59.44479059597995
317,fe,2.0,formaldehyde_iodide_iodide_iodide,8.0,tetrahedral,tetrahedral,1.0,5.0,-272.3001208614556,-272.38311080554723,-52.07618991751076
318,fe,2.0,formaldehyde_formaldehyde_iodide_iodide,11.0,tetrahedral,tetrahedral,1.0,5.0,-375.2895731734348,-375.3659322961412,-47.91534949825248
319,fe,2.0,formaldehyde_formaldehyde_formaldehyde_iodide,14.0,seesaw,tetrahedral,1.0,5.0,-478.17411619913264,-478.2250880969116,-31.98486585628245
320,fe,2.0,furan_iodide_iodide_iodide,13.0,tetrahedral,trigonal planar,1.0,5.0,-387.8405238529896,-387.8972099205464,-35.57050739190771
321,fe,2.0,furan_furan_iodide_iodide,21.0,tetrahedral,tetrahedral,1.0,5.0,-606.3004260692569,-606.3876354898781,-54.723911439807296
322,fe,2.0,furan_furan_furan_iodide,29.0,tetrahedral,tetrahedral,1.0,5.0,-824.6722023633188,-824.7538911892179,-51.259738251725366
323,fe,2.0,iodide_hydrogensulfide_hydrogensulfide_hydrogensulfide,11.0,seesaw,tetrahedral,1.0,5.0,-1332.7846121706343,-1332.836686863769,-32.67686994204155
325,fe,2.0,iodide_iodide_iodide_hydrogensulfide,7.0,tetrahedral,trigonal planar,1.0,5.0,-557.2084572635698,-557.2657089155257,-35.92541160231491
326,fe,2.0,ncs_iodide_iodide_iodide,7.0,tetrahedral,tetrahedral,1.0,5.0,-648.84672358833,-648.9361136133479,-56.09224069873591
327,fe,2.0,ncs_ncs_iodide_iodide,9.0,tetrahedral,tetrahedral,1.0,5.0,-1128.5049247087404,-1128.5865643828954,-51.228895532253205
328,fe,2.0,ncs_ncs_ncs_iodide,11.0,seesaw,tetrahedral,1.0,5.0,-1608.1516781760458,-1608.2347688591285,-52.13940363437757
329,fe,2.0,pyridine_iodide_iodide_iodide,15.0,tetrahedral,tetrahedral,1.0,5.0,-406.0968770490541,-406.17572249591046,-49.47551790235877
330,fe,2.0,pyridine_pyridine_iodide_iodide,25.0,tetrahedral,tetrahedral,1.0,5.0,-642.898448657078,-642.961247976829,-39.40657314373965
331,fe,2.0,pyridine_pyridine_pyridine_iodide,35.0,seesaw,tetrahedral,1.0,5.0,-879.5791506831685,-879.6419101589602,-39.38157105930571
332,fe,2.0,scn_iodide_iodide_iodide,7.0,tetrahedral,tetrahedral,1.0,5.0,-648.8241685162029,-648.9162883518206,-57.80519685012109
333,fe,2.0,scn_scn_iodide_iodide,9.0,tetrahedral,tetrahedral,1.0,5.0,-1128.4618291502086,-1128.5454410952889,-52.46649553788359
334,fe,2.0,scn_scn_scn_iodide,11.0,tetrahedral,tetrahedral,1.0,5.0,-1608.0983678639604,-1608.1751344715822,-48.17104628262996
335,fe,3.0,acetonitrile_iodide_iodide_iodide,10.0,tetrahedral,tetrahedral,2.0,6.0,-290.4795320470688,-290.49657887207354,-10.696882690474752
336,fe,3.0,acetonitrile_acetonitrile_iodide_iodide,15.0,square planar,tetrahedral,2.0,6.0,-411.588351517885,-411.6123212341536,-15.040996958508115
337,fe,3.0,acetonitrile_acetonitrile_acetonitrile_iodide,20.0,square planar,tetrahedral,2.0,6.0,-532.5841455926859,-532.6124121956998,-17.73729339121587
338,fe,3.0,ammonia_iodide_iodide_iodide,8.0,tetrahedral,tetrahedral,2.0,6.0,-214.27229056011876,-214.3103161466334,-23.861055537951472
339,fe,3.0,ammonia_ammonia_iodide_iodide,11.0,square planar,tetrahedral,2.0,6.0,-259.18911391809723,-259.2184314313459,-18.39673956353209
340,fe,3.0,ammonia_ammonia_ammonia_iodide,14.0,square planar,tetrahedral,2.0,6.0,-303.95324254553094,-303.9839617695769,-19.276313088853243
341,fe,3.0,benzisc_iodide_iodide_iodide,20.0,square planar,tetrahedral,2.0,6.0,-521.4908935498225,-521.5211969641122,-19.015392466736216
342,fe,3.0,benzisc_benzisc_iodide_iodide,35.0,square planar,tetrahedral,2.0,6.0,-873.6516155703049,-873.6631039139894,-7.208935662026761
343,fe,3.0,benzisc_benzisc_benzisc_iodide,50.0,square planar,tetrahedral,2.0,6.0,-1225.713550873993,-1225.7129985929398,0.3465563608580169
344,fe,3.0,cyanopyridine_iodide_iodide_iodide,16.0,tetrahedral,tetrahedral,2.0,6.0,-498.2288659691164,-498.27460635843954,-28.70209430028112
345,fe,3.0,cyanopyridine_cyanopyridine_iodide_iodide,27.0,square planar,tetrahedral,2.0,6.0,-827.1249945915623,-827.1543803505012,-18.43956373417797
346,fe,3.0,cyanopyridine_cyanopyridine_cyanopyridine_iodide,38.0,tetrahedral,tetrahedral,2.0,6.0,-1155.8337567996457,-1155.9188648363815,-53.40529305188625
347,fe,3.0,formaldehyde_iodide_iodide_iodide,8.0,square planar,tetrahedral,2.0,6.0,-272.19858381721457,-272.2385551849858,-25.08203327643784
348,fe,3.0,formaldehyde_formaldehyde_iodide_iodide,11.0,tetrahedral,tetrahedral,2.0,6.0,-375.03777989524383,-375.0782831344774,-25.415782619049025
349,fe,3.0,formaldehyde_formaldehyde_formaldehyde_iodide,14.0,tetrahedral,tetrahedral,2.0,6.0,-477.7508863760007,-477.78485074650246,-21.312642489838822
350,fe,3.0,methylamine_iodide_iodide_iodide,11.0,square planar,tetrahedral,2.0,6.0,-253.5788219972826,-253.61758181124085,-24.32178325878453
351,fe,3.0,methylamine_methylamine_iodide_iodide,17.0,square planar,tetrahedral,2.0,6.0,-337.8040885651411,-337.8350301383068,-19.4158371614445
352,fe,3.0,methylamine_methylamine_methylamine_iodide,23.0,seesaw,tetrahedral,2.0,6.0,-421.883216402238,-421.9201560706397,-23.17964192211164
353,fe,3.0,ncs_iodide_iodide_iodide,7.0,tetrahedral,tetrahedral,2.0,6.0,-648.8657424458083,-648.9206015478562,-34.42408653504799
354,fe,3.0,ncs_ncs_iodide_iodide,9.0,tetrahedral,tetrahedral,2.0,6.0,-1128.4870604553275,-1128.5670079983302,-50.16708323414264
355,fe,3.0,ncs_ncs_ncs_iodide,11.0,tetrahedral,tetrahedral,2.0,6.0,-1608.1533554924454,-1608.2120409449192,-36.82512142731582
356,fe,3.0,pyridine_iodide_iodide_iodide,15.0,tetrahedral,tetrahedral,2.0,6.0,-405.9943984387816,-406.0421842110079,-29.985572071997662
357,fe,3.0,pyridine_pyridine_iodide_iodide,25.0,square planar,tetrahedral,2.0,6.0,-642.673061949798,-642.7033676929275,-19.016853813745342
358,fe,3.0,pyridine_pyridine_pyridine_iodide,35.0,tetrahedral,tetrahedral,2.0,6.0,-879.1816964610659,-879.2588384756154,-48.4066141298166
359,fe,3.0,scn_iodide_iodide_iodide,7.0,tetrahedral,tetrahedral,2.0,6.0,-648.8507170760142,-648.8975129340215,-29.364400899563066
360,fe,3.0,scn_scn_iodide_iodide,9.0,tetrahedral,tetrahedral,2.0,6.0,-1128.4659041517273,-1128.5195790231794,-33.68098183621214
361,fe,3.0,scn_scn_scn_iodide,11.0,tetrahedral,tetrahedral,2.0,6.0,-1608.081885640585,-1608.1414874936715,-37.40016281186229
362,fe,3.0,thiopyridine_iodide_iodide_iodide,16.0,tetrahedral,tetrahedral,2.0,6.0,-804.1777767637894,-804.2291919954589,-32.26305787259008
363,fe,3.0,thiopyridine_thiopyridine_iodide_iodide,27.0,square planar,tetrahedral,2.0,6.0,-1439.0481620026935,-1439.080242596132,-20.13057238261013
364,fe,3.0,thiopyridine_thiopyridine_thiopyridine_iodide,38.0,tetrahedral,tetrahedral,2.0,6.0,-2073.7019538501395,-2073.835924629988,-84.06666435485135
365,mn,2.0,cyanate_iodide_iodide_iodide,7.0,tetrahedral,tetrahedral,2.0,6.0,-306.37078198620725,-306.4633282820712,-58.07280065462237
366,mn,2.0,cyanate_cyanate_iodide_iodide,9.0,tetrahedral,tetrahedral,2.0,6.0,-462.8312194769555,-462.8776181298402,-29.11515468518772
367,mn,2.0,cyanate_cyanate_cyanate_iodide,11.0,tetrahedral,tetrahedral,2.0,6.0,-619.6717745402723,-619.7776278291136,-66.42293874793523
368,mn,2.0,furan_iodide_iodide_iodide,13.0,tetrahedral,tetrahedral,2.0,6.0,-368.3196572789447,-368.4111626260399,-57.41960530225157
369,mn,2.0,furan_furan_iodide_iodide,21.0,tetrahedral,tetrahedral,2.0,6.0,-586.8090100143177,-586.9003122046241,-57.292124417306525
370,mn,2.0,furan_furan_furan_iodide,29.0,tetrahedral,tetrahedral,2.0,6.0,-805.1693868382395,-805.2655096937737,-60.31709184770449
373,mn,2.0,iodide_iodide_iodide_hydroxyl,6.0,tetrahedral,tetrahedral,2.0,6.0,-214.0898317429972,-214.17692427080388,-54.65056119868855
374,mn,2.0,ncs_iodide_iodide_iodide,7.0,tetrahedral,tetrahedral,2.0,6.0,-629.3245755610843,-629.4548163257833,-81.72607984862907
375,mn,2.0,ncs_ncs_iodide_iodide,9.0,tetrahedral,tetrahedral,2.0,6.0,-1109.0153207015371,-1109.104231966714,-55.79181889834672
376,mn,2.0,ncs_ncs_ncs_iodide,11.0,tetrahedral,tetrahedral,2.0,6.0,-1588.6207448803495,-1588.7523353366246,-82.5730113125843
377,mn,2.0,pph3_iodide_iodide_iodide,38.0,tetrahedral,tetrahedral,2.0,6.0,-1174.5888574314215,-1174.6932874062668,-65.5298092154186
378,mn,2.0,pph3_pph3_iodide_iodide,71.0,tetrahedral,tetrahedral,2.0,6.0,-2199.385741053005,-2199.4753442019714,-56.225975976472
379,mn,2.0,pph3_pph3_pph3_iodide,104.0,tetrahedral,tetrahedral,2.0,6.0,-3224.08001117677,-3224.163128810449,-52.15631513369431
380,mn,2.0,thiopyridine_iodide_iodide_iodide,16.0,tetrahedral,tetrahedral,2.0,6.0,-784.7803910475435,-784.8769667246947,-60.60123741240062
381,mn,2.0,thiopyridine_thiopyridine_iodide_iodide,27.0,tetrahedral,tetrahedral,2.0,6.0,-1419.6315988510428,-1419.846600548265,-134.91356500713948
382,mn,2.0,thiopyridine_thiopyridine_thiopyridine_iodide,38.0,tetrahedral,tetrahedral,2.0,6.0,-2054.426126241139,-2054.712976771403,-179.99870774067176
383,mn,3.0,cyanopyridine_iodide_iodide_iodide,16.0,tetrahedral,tetrahedral,1.0,5.0,-478.7006562619375,-478.7743826418084,-46.26330336898405
384,mn,3.0,cyanopyridine_cyanopyridine_iodide_iodide,27.0,tetrahedral,tetrahedral,1.0,5.0,-807.585665879306,-807.6590889307532,-46.07296478312264
385,mn,3.0,cyanopyridine_cyanopyridine_cyanopyridine_iodide,38.0,tetrahedral,tetrahedral,1.0,5.0,-1136.3564297917826,-1136.416757482625,-37.85562600355206
386,mn,3.0,formaldehyde_iodide_iodide_iodide,8.0,tetrahedral,tetrahedral,1.0,5.0,-252.6616731455324,-252.74035916905345,-49.37547975947297
387,mn,3.0,formaldehyde_formaldehyde_iodide_iodide,11.0,tetrahedral,tetrahedral,1.0,5.0,-355.50638951347406,-355.5876429595597,-50.98653741872113
388,mn,3.0,formaldehyde_formaldehyde_formaldehyde_iodide,14.0,square planar,tetrahedral,1.0,5.0,-458.2183574354735,-458.2981415014111,-50.064501375836414
389,mn,3.0,pyridine_iodide_iodide_iodide,15.0,tetrahedral,tetrahedral,1.0,5.0,-386.4689202098892,-386.54165547085,-45.64137625288268
390,mn,3.0,pyridine_pyridine_iodide_iodide,25.0,tetrahedral,tetrahedral,1.0,5.0,-623.1359698861958,-623.2067884647545,-44.43865804559351
391,mn,3.0,pyridine_pyridine_pyridine_iodide,35.0,tetrahedral,tetrahedral,1.0,5.0,-859.6977724272487,-859.7544739533788,-35.58020764667219
392,mn,3.0,thiopyridine_iodide_iodide_iodide,16.0,tetrahedral,tetrahedral,1.0,5.0,-784.6556723845865,-784.7287691866884,-45.86824331892501
393,mn,3.0,thiopyridine_thiopyridine_iodide_iodide,27.0,tetrahedral,tetrahedral,1.0,5.0,-1419.5128865543084,-1419.5832105711922,-44.128320594639376
394,mn,3.0,thiopyridine_thiopyridine_thiopyridine_iodide,38.0,tetrahedral,tetrahedral,1.0,5.0,-2054.2745591177336,-2054.329484504031,-34.46567990157291
395,co,2.0,acetonitrile_formaldehyde_formaldehyde_formaldehyde,19.0,square planar,tetrahedral,2.0,4.0,-620.8386505890813,-620.8519069004062,-8.318335356362638
396,co,2.0,acetonitrile_acetonitrile_formaldehyde_formaldehyde,21.0,seesaw,tetrahedral,2.0,4.0,-639.0995991855724,-639.128015315736,-17.831121677645
397,co,2.0,acetonitrile_acetonitrile_acetonitrile_formaldehyde,23.0,square planar,tetrahedral,2.0,4.0,-657.3810798457012,-657.4015771253519,-12.86204298083078
398,co,2.0,ammonia_formaldehyde_formaldehyde_formaldehyde,17.0,tetrahedral,tetrahedral,2.0,4.0,-544.6140491055519,-544.645461909918,-19.71153473975363
399,co,2.0,ammonia_ammonia_formaldehyde_formaldehyde,17.0,square planar,tetrahedral,2.0,4.0,-486.7029650008494,-486.71365718071706,-6.709342866948305
400,co,2.0,ammonia_ammonia_ammonia_formaldehyde,17.0,square planar,tetrahedral,2.0,4.0,-428.7611033263047,-428.7790159871222,-11.240194662981937
401,co,2.0,cn_formaldehyde_formaldehyde_formaldehyde,15.0,square planar,tetrahedral,2.0,4.0,-581.2502201315862,-581.2612919839594,-6.947587364195726
402,co,2.0,cn_cn_formaldehyde_formaldehyde,13.0,square planar,tetrahedral,2.0,4.0,-559.7936892935123,-559.8089854614082,-9.598345354631022
403,co,2.0,cn_cn_cn_formaldehyde,11.0,square planar,tetrahedral,2.0,4.0,-538.227562143279,-538.2048615241066,14.244638530670386
404,co,2.0,scn_formaldehyde_formaldehyde_formaldehyde,16.0,seesaw,tetrahedral,2.0,4.0,-979.4412890243982,-979.478675444364,-23.45997852850303
405,co,2.0,scn_scn_formaldehyde_formaldehyde,15.0,tetrahedral,tetrahedral,2.0,4.0,-1356.2136051274765,-1356.2459971496462,-20.32599391147926
406,co,2.0,scn_scn_scn_formaldehyde,14.0,square planar,tetrahedral,2.0,4.0,-1732.87516274489,-1732.8989534616285,-14.928674753348332
407,co,3.0,benzisc_formaldehyde_formaldehyde_formaldehyde,29.0,square planar,tetrahedral,1.0,5.0,-851.3716894948627,-851.3954485211502,-14.908788995410871
408,co,3.0,benzisc_benzisc_formaldehyde_formaldehyde,41.0,square planar,tetrahedral,1.0,5.0,-1100.6526917239394,-1100.7266087549067,-46.382936931995005
409,co,3.0,benzisc_benzisc_benzisc_formaldehyde,53.0,square planar,tetrahedral,1.0,5.0,-1349.9843938988054,-1350.0455199786063,-38.35661507523412
410,co,3.0,formaldehyde_methylamine_methylamine_methylamine,26.0,seesaw,tetrahedral,1.0,5.0,-546.0739259844825,-546.0773077489673,-2.122057214247661
411,co,3.0,formaldehyde_thiopyridine_thiopyridine_thiopyridine,41.0,seesaw,tetrahedral,1.0,5.0,-2198.0667001204565,-2198.1335156395094,-41.92673820566483
412,co,3.0,formaldehyde_formaldehyde_methylamine_methylamine,23.0,seesaw,tetrahedral,1.0,5.0,-564.6843825268202,-564.6971338744241,-8.00147062148909
413,co,3.0,formaldehyde_formaldehyde_thiopyridine_thiopyridine,33.0,seesaw,tetrahedral,1.0,5.0,-1666.0722151610466,-1666.1117237701137,-24.79165218958656
414,co,3.0,formaldehyde_formaldehyde_formaldehyde_methylamine,20.0,tetrahedral,tetrahedral,1.0,5.0,-583.2872264452267,-583.3151186708034,-17.5023715493748
415,co,3.0,formaldehyde_formaldehyde_formaldehyde_thiopyridine,25.0,seesaw,tetrahedral,1.0,5.0,-1134.0294468140007,-1134.068383647636,-24.43286310612677
416,co,3.0,ncs_benzisc_benzisc_benzisc,52.0,square planar,tetrahedral,1.0,5.0,-1726.9868750204323,-1726.9995529820044,-7.955420886337947
417,co,3.0,ncs_formaldehyde_formaldehyde_formaldehyde,16.0,tetrahedral,tetrahedral,1.0,5.0,-979.0020844451922,-979.0777556843992,-47.48370260249772
418,co,3.0,ncs_methylamine_methylamine_methylamine,25.0,square planar,tetrahedral,1.0,5.0,-923.1882725385904,-923.2149149197846,-16.718094199409848
419,co,3.0,ncs_thiopyridine_thiopyridine_thiopyridine,40.0,square planar,tetrahedral,1.0,5.0,-2575.096635548009,-2575.1131394897666,-10.35622345254069
420,co,3.0,ncs_ncs_benzisc_benzisc,39.0,seesaw,tetrahedral,1.0,5.0,-1854.554327857648,-1854.5795293158908,-15.813915047431236
421,co,3.0,ncs_ncs_formaldehyde_formaldehyde,15.0,seesaw,tetrahedral,1.0,5.0,-1355.9340400459716,-1355.996238717771,-39.0296665540302
422,co,3.0,ncs_ncs_methylamine_methylamine,21.0,square planar,tetrahedral,1.0,5.0,-1318.739704330109,-1318.7479452118585,-5.171153297981164
423,co,3.0,ncs_ncs_thiopyridine_thiopyridine,31.0,square planar,tetrahedral,1.0,5.0,-2419.9735647438,-2419.9909304642024,-10.896989552422838
424,co,3.0,ncs_ncs_ncs_benzisc,26.0,square planar,tetrahedral,1.0,5.0,-1982.0434606531892,-1982.0605088526368,-10.697745153494225
425,co,3.0,ncs_ncs_ncs_formaldehyde,14.0,seesaw,tetrahedral,1.0,5.0,-1732.7357389297074,-1732.7798560425333,-27.68348829826209
426,co,3.0,ncs_ncs_ncs_methylamine,17.0,seesaw,tetrahedral,1.0,5.0,-1714.111748323107,-1714.1551938991938,-27.262098994544885
427,co,3.0,ncs_ncs_ncs_thiopyridine,22.0,seesaw,tetrahedral,1.0,5.0,-2264.7246874086222,-2264.7684166410872,-27.440093371794774
428,co,3.0,scn_formaldehyde_formaldehyde_formaldehyde,16.0,edge,tetrahedral,1.0,5.0,-978.9745952777758,-979.0270930723016,-32.942366064889654
429,co,3.0,scn_ncs_ncs_ncs,13.0,seesaw,tetrahedral,1.0,5.0,-2109.40050977432,-2109.4377819801784,-23.388309176048097
430,co,3.0,scn_scn_formaldehyde_formaldehyde,15.0,edge,tetrahedral,1.0,5.0,-1355.8990683596526,-1355.9350685772438,-22.59013653848342
431,co,3.0,scn_scn_ncs_ncs,13.0,square planar,tetrahedral,1.0,5.0,-2109.3987558091017,-2109.4141669685505,-9.670502554141647
432,co,3.0,scn_scn_scn_formaldehyde,14.0,edge,tetrahedral,1.0,5.0,-1732.6996758874975,-1732.718356130624,-11.721852561724972
433,co,3.0,scn_scn_scn_ncs,13.0,seesaw,tetrahedral,1.0,5.0,-2109.3789920449776,-2109.399468991601,-12.849284006310882
434,cr,3.0,cyanopyridine_formaldehyde_formaldehyde_formaldehyde,25.0,tetrahedral,square planar,2.0,4.0,-769.2687349761055,-769.3063688953398,-23.61528431951143
435,cr,3.0,cyanopyridine_cyanopyridine_formaldehyde_formaldehyde,33.0,tetrahedral,tetrahedral,2.0,4.0,-995.3307680982904,-995.3682471204816,-23.518086425035563
436,cr,3.0,cyanopyridine_cyanopyridine_cyanopyridine_formaldehyde,41.0,tetrahedral,tetrahedral,2.0,4.0,-1221.3595465304063,-1221.4245526771144,-40.79135705935073
437,cr,3.0,formaldehyde_hydrogensulfide_hydrogensulfide_hydrogensulfide,14.0,tetrahedral,tetrahedral,2.0,4.0,-1397.7523832871634,-1397.7956213582909,-27.131889632482284
439,cr,3.0,formaldehyde_pyridine_pyridine_pyridine,38.0,tetrahedral,tetrahedral,2.0,4.0,-944.742798962455,-944.77953194307,-23.049945335805266
440,cr,3.0,formaldehyde_thiopyridine_thiopyridine_thiopyridine,41.0,tetrahedral,square planar,2.0,4.0,-2139.3467185064924,-2139.387831340452,-25.79830330941832
441,cr,3.0,formaldehyde_formaldehyde_hydrogensulfide_hydrogensulfide,15.0,tetrahedral,trigonal planar,2.0,4.0,-1112.903500513693,-1113.1366565662524,-146.30542298107343
442,cr,3.0,formaldehyde_formaldehyde_hydroxyl_hydroxyl,13.0,tetrahedral,tetrahedral,2.0,4.0,-466.7948117423158,-466.8138540802644,-11.949067062731729
443,cr,3.0,formaldehyde_formaldehyde_pyridine_pyridine,31.0,tetrahedral,tetrahedral,2.0,4.0,-810.90125337175,-810.9398599523283,-24.22562931287644
444,cr,3.0,formaldehyde_formaldehyde_thiopyridine_thiopyridine,33.0,tetrahedral,square planar,2.0,4.0,-1607.320089067349,-1607.3702370973142,-31.46788880313636
445,cr,3.0,formaldehyde_formaldehyde_formaldehyde_hydrogensulfide,16.0,tetrahedral,tetrahedral,2.0,4.0,-828.0480398627751,-828.0817587864456,-21.158624603206704
446,cr,3.0,formaldehyde_formaldehyde_formaldehyde_hydroxyl,15.0,tetrahedral,tetrahedral,2.0,4.0,-505.0738507092736,-505.0942442715304,-12.796960316141792
447,cr,3.0,formaldehyde_formaldehyde_formaldehyde_pyridine,24.0,tetrahedral,tetrahedral,2.0,4.0,-677.0462339579383,-677.0889004848831,-26.77324565786165
448,cr,3.0,formaldehyde_formaldehyde_formaldehyde_thiopyridine,25.0,seesaw,square planar,2.0,4.0,-1075.2850297509056,-1075.334169978185,-30.83549261782025
449,cr,3.0,ncs_cyanopyridine_cyanopyridine_cyanopyridine,40.0,tetrahedral,tetrahedral,2.0,4.0,-1598.428374672155,-1598.4588587395754,-19.128752306222623
450,cr,3.0,ncs_formaldehyde_formaldehyde_formaldehyde,16.0,tetrahedral,square planar,2.0,4.0,-920.2990967518392,-920.3468328721646,-29.954415504221856
451,cr,3.0,ncs_hydrogensulfide_hydrogensulfide_hydrogensulfide,13.0,tetrahedral,square planar,2.0,4.0,-1774.88104965845,-1774.9355347186977,-34.18937530533356
452,cr,3.0,ncs_hydroxyl_hydroxyl_hydroxyl,10.0,tetrahedral,seesaw,2.0,4.0,-804.9829932790644,-805.0114905802444,-17.882056490438742
453,cr,3.0,ncs_pyridine_pyridine_pyridine,37.0,tetrahedral,tetrahedral,2.0,4.0,-1321.7684581589988,-1321.798678000456,-18.96295051439949
454,cr,3.0,ncs_thiopyridine_thiopyridine_thiopyridine,40.0,tetrahedral,tetrahedral,2.0,4.0,-2516.3428328377986,-2516.371655437761,-18.08618147675133
455,cr,3.0,ncs_ncs_cyanopyridine_cyanopyridine,31.0,tetrahedral,tetrahedral,2.0,4.0,-1749.302917746798,-1749.3300545898396,-17.028369008534696
456,cr,3.0,ncs_ncs_formaldehyde_formaldehyde,15.0,tetrahedral,square planar,2.0,4.0,-1297.2248973658636,-1297.2625829384178,-23.647696777766782
457,cr,3.0,ncs_ncs_hydrogensulfide_hydrogensulfide,13.0,seesaw,square planar,2.0,4.0,-1866.967043271756,-1867.006124657862,-24.52356978142916
458,cr,3.0,ncs_ncs_hydroxyl_hydroxyl,11.0,tetrahedral,tetrahedral,2.0,4.0,-1220.1835517141812,-1220.2640382571185,-50.50530569312514
459,cr,3.0,ncs_ncs_pyridine_pyridine,29.0,tetrahedral,tetrahedral,2.0,4.0,-1564.8536466513997,-1564.8799206753974,-16.48695005859281
460,cr,3.0,ncs_ncs_thiopyridine_thiopyridine,31.0,tetrahedral,tetrahedral,2.0,4.0,-2361.223088810006,-2361.257299563306,-21.467247695563856
461,cr,3.0,ncs_ncs_ncs_cyanopyridine,22.0,tetrahedral,tetrahedral,2.0,4.0,-1900.0609185582784,-1900.086356961944,-15.962598300085917
462,cr,3.0,ncs_ncs_ncs_formaldehyde,14.0,tetrahedral,seesaw,2.0,4.0,-1674.023462200738,-1674.0530582359963,-18.571512124686365
463,cr,3.0,ncs_ncs_ncs_hydrogensulfide,13.0,tetrahedral,trigonal pyramidal,2.0,4.0,-1958.896460044426,-1958.9249461859672,-17.875053817090247
464,cr,3.0,ncs_ncs_ncs_hydroxyl,12.0,tetrahedral,tetrahedral,2.0,4.0,-1635.4775514696514,-1635.5049824573618,-17.212944788295772
465,cr,3.0,ncs_ncs_ncs_pyridine,21.0,tetrahedral,tetrahedral,2.0,4.0,-1807.8290187502405,-1807.8551893338624,-16.422041222620578
466,cr,3.0,ncs_ncs_ncs_thiopyridine,22.0,tetrahedral,tetrahedral,2.0,4.0,-2206.0099900354976,-2206.042597815176,-20.461381748276608
467,cr,3.0,scn_formaldehyde_formaldehyde_formaldehyde,16.0,tetrahedral,square planar,2.0,4.0,-920.2989215788198,-920.2948452911974,2.557870483062743
468,cr,3.0,scn_ncs_ncs_ncs,13.0,tetrahedral,tetrahedral,2.0,4.0,-2050.69036621033,-2050.71560790682,-15.839164547447808
469,cr,3.0,scn_scn_formaldehyde_formaldehyde,15.0,tetrahedral,seesaw,2.0,4.0,-1297.158909005992,-1297.1989256947834,-25.110472216610447
470,cr,3.0,scn_scn_ncs_ncs,13.0,tetrahedral,tetrahedral,2.0,4.0,-2050.6625718404944,-2050.692563429332,-18.819721995640748
471,cr,3.0,scn_scn_scn_formaldehyde,14.0,tetrahedral,tetrahedral,2.0,4.0,-1673.8946126018552,-1673.97987458247,-53.50189283582438
472,cr,3.0,scn_scn_scn_ncs,13.0,tetrahedral,tetrahedral,2.0,4.0,-2050.602494041272,-2050.668491220544,-41.41322999347608
473,fe,2.0,cyanate_cyanate_formaldehyde_formaldehyde,15.0,seesaw,tetrahedral,1.0,5.0,-688.6074032964043,-688.6704674342005,-39.57274646713557
474,fe,2.0,cyanate_cyanate_cyanate_formaldehyde,14.0,seesaw,tetrahedral,1.0,5.0,-742.2707433202347,-742.3502021541269,-49.860418267358
475,fe,2.0,formaldehyde_furan_furan_furan,32.0,seesaw,tetrahedral,1.0,5.0,-927.4370805366436,-927.49206912027,-34.5053362256175
476,fe,2.0,formaldehyde_hydrogensulfide_hydrogensulfide_hydrogensulfide,14.0,seesaw,tetrahedral,1.0,5.0,-1435.504988510442,-1435.552912011469,-30.071996894487256
477,fe,2.0,formaldehyde_pyridine_pyridine_pyridine,38.0,seesaw,tetrahedral,1.0,5.0,-982.3555044396056,-982.4168642168707,-38.50326023386572
478,fe,2.0,formaldehyde_formaldehyde_furan_furan,27.0,sandwich,tetrahedral,1.0,5.0,-811.925824043768,-811.9821546601268,-35.34746176512442
479,fe,2.0,formaldehyde_formaldehyde_hydrogensulfide_hydrogensulfide,15.0,seesaw,tetrahedral,1.0,5.0,-1150.621374439957,-1150.6871212796698,-41.25614191978286
480,fe,2.0,formaldehyde_formaldehyde_pyridine_pyridine,31.0,seesaw,tetrahedral,1.0,5.0,-848.5393225610851,-848.6036100500397,-40.34039931902356
481,fe,2.0,formaldehyde_formaldehyde_formaldehyde_furan,22.0,sandwich,tetrahedral,1.0,5.0,-696.4198145851756,-696.4700609708808,-31.52960703003572
482,fe,2.0,formaldehyde_formaldehyde_formaldehyde_hydrogensulfide,16.0,seesaw,tetrahedral,1.0,5.0,-865.7709193963694,-865.8240940392201,-33.36708838878252
483,fe,2.0,formaldehyde_formaldehyde_formaldehyde_pyridine,24.0,seesaw,tetrahedral,1.0,5.0,-714.7172662083157,-714.7827984715412,-41.12149517404987
484,fe,2.0,ncs_formaldehyde_formaldehyde_formaldehyde,16.0,seesaw,tetrahedral,1.0,5.0,-957.816383387118,-957.8671897951156,-31.881021018483864
485,fe,2.0,ncs_furan_furan_furan,31.0,seesaw,tetrahedral,1.0,5.0,-1304.315314099686,-1304.3972980146848,-51.44490666172999
486,fe,2.0,ncs_hydrogensulfide_hydrogensulfide_hydrogensulfide,13.0,seesaw,tetrahedral,1.0,5.0,-1812.4265876897905,-1812.4809989708815,-34.14307888489191
487,fe,2.0,ncs_pyridine_pyridine_pyridine,37.0,seesaw,tetrahedral,1.0,5.0,-1359.223143732264,-1359.282327671909,-37.13792212708313
488,fe,2.0,ncs_ncs_cyanate_cyanate,13.0,seesaw,tetrahedral,1.0,5.0,-1441.6202157294422,-1441.6690121701429,-30.619766539545594
489,fe,2.0,ncs_ncs_formaldehyde_formaldehyde,15.0,seesaw,tetrahedral,1.0,5.0,-1334.59644739321,-1334.6536320204032,-35.88335356375637
491,fe,2.0,ncs_ncs_hydrogensulfide_hydrogensulfide,13.0,square planar,unknown,1.0,5.0,-1904.3553739224117,-1904.40220614864,-29.38722195845685
492,fe,2.0,ncs_ncs_pyridine_pyridine,29.0,seesaw,tetrahedral,1.0,5.0,-1602.199318448022,-1602.2488760263898,-31.09738042575657
494,fe,2.0,ncs_ncs_ncs_furan,19.0,tetrahedral,trigonal planar,1.0,5.0,-1826.774522410063,-1826.8306103571872,-35.19518682063904
496,fe,2.0,ncs_ncs_ncs_pyridine,21.0,seesaw,tetrahedral,1.0,5.0,-1845.0420808012336,-1845.1091045590429,-42.05740802529704
497,fe,2.0,scn_formaldehyde_formaldehyde_formaldehyde,16.0,square planar,tetrahedral,1.0,5.0,-957.7970228367892,-957.8435507585392,-29.196270898052603
498,fe,2.0,scn_ncs_ncs_ncs,13.0,seesaw,tetrahedral,1.0,5.0,-2087.788520789524,-2087.864528711668,-47.694971145405134
499,fe,2.0,scn_scn_formaldehyde_formaldehyde,15.0,square planar,tetrahedral,1.0,5.0,-1334.5741747578884,-1334.607581140037,-20.962504798209807
500,fe,2.0,scn_scn_ncs_ncs,13.0,seesaw,tetrahedral,1.0,5.0,-2087.770062252848,-2087.8445060762506,-46.71349918498208
501,fe,2.0,scn_scn_scn_formaldehyde,14.0,square planar,tetrahedral,1.0,5.0,-1711.2232255492272,-1711.265134621708,-26.297942981732376
502,fe,2.0,scn_scn_scn_ncs,13.0,seesaw,tetrahedral,1.0,5.0,-2087.7511644691917,-2087.824951285542,-46.30122725996898
503,fe,3.0,acetonitrile_formaldehyde_formaldehyde_formaldehyde,19.0,tetrahedral,tetrahedral,2.0,6.0,-598.5591088236943,-598.6206074109891,-38.59036352752696
504,fe,3.0,acetonitrile_acetonitrile_formaldehyde_formaldehyde,21.0,tetrahedral,tetrahedral,2.0,6.0,-616.8407445510832,-616.9066370357468,-41.34753412644898
505,fe,3.0,acetonitrile_acetonitrile_acetonitrile_formaldehyde,23.0,tetrahedral,tetrahedral,2.0,6.0,-635.1206975905302,-635.1916121343843,-44.498876268439744
506,fe,3.0,ammonia_formaldehyde_formaldehyde_formaldehyde,17.0,tetrahedral,tetrahedral,2.0,6.0,-522.3396601061856,-522.3936182263458,-33.85872040048298
507,fe,3.0,ammonia_ammonia_formaldehyde_formaldehyde,17.0,tetrahedral,tetrahedral,2.0,6.0,-464.4070133726603,-464.4510144486204,-27.61067516497846
508,fe,3.0,ammonia_ammonia_ammonia_formaldehyde,17.0,tetrahedral,tetrahedral,2.0,6.0,-406.4674158064799,-406.5061877910766,-24.32942033445144
509,fe,3.0,benzisc_formaldehyde_formaldehyde_formaldehyde,29.0,square planar,tetrahedral,2.0,6.0,-829.7355221902806,-829.7674881891819,-20.05866431059189
510,fe,3.0,benzisc_benzisc_formaldehyde_formaldehyde,41.0,square planar,tetrahedral,2.0,6.0,-1079.0729904261816,-1079.095828548684,-14.330921870277962
511,fe,3.0,benzisc_benzisc_benzisc_formaldehyde,53.0,tetrahedral,tetrahedral,2.0,6.0,-1328.3735099564783,-1328.409421462331,-22.534469922575227
512,fe,3.0,cyanopyridine_formaldehyde_formaldehyde_formaldehyde,25.0,seesaw,tetrahedral,2.0,6.0,-806.3711041522903,-806.4160267695431,-28.1889423261552
513,fe,3.0,cyanopyridine_cyanopyridine_formaldehyde_formaldehyde,33.0,seesaw,tetrahedral,2.0,6.0,-1032.4346549822328,-1032.4766367459877,-26.34355675616689
514,fe,3.0,cyanopyridine_cyanopyridine_cyanopyridine_formaldehyde,41.0,tetrahedral,tetrahedral,2.0,6.0,-1258.488713011928,-1258.526063700994,-23.437557388907635
515,fe,3.0,formaldehyde_methylamine_methylamine_methylamine,26.0,tetrahedral,tetrahedral,2.0,6.0,-524.4474519309304,-524.473465514351,-16.323523596457505
516,fe,3.0,formaldehyde_pyridine_pyridine_pyridine,38.0,tetrahedral,tetrahedral,2.0,6.0,-981.8445205488554,-981.875400600522,-19.377232420719963
517,fe,3.0,formaldehyde_thiopyridine_thiopyridine_thiopyridine,41.0,tetrahedral,tetrahedral,2.0,6.0,-2176.2708956614174,-2176.498600539337,-142.88481089459765
518,fe,3.0,formaldehyde_formaldehyde_methylamine_methylamine,23.0,tetrahedral,tetrahedral,2.0,6.0,-543.0585161829008,-543.0949115603331,-22.83809933877677
519,fe,3.0,formaldehyde_formaldehyde_pyridine_pyridine,31.0,seesaw,tetrahedral,2.0,6.0,-847.9974120552517,-848.0367561784876,-24.68843733051358
520,fe,3.0,formaldehyde_formaldehyde_thiopyridine_thiopyridine,33.0,tetrahedral,tetrahedral,2.0,6.0,-1644.440222138315,-1644.478492007022,-24.01434261360976
521,fe,3.0,formaldehyde_formaldehyde_formaldehyde_methylamine,20.0,tetrahedral,tetrahedral,2.0,6.0,-561.6666992810704,-561.714886562797,-30.237519283475933
522,fe,3.0,formaldehyde_formaldehyde_formaldehyde_pyridine,24.0,square planar,tetrahedral,2.0,6.0,-714.1592203195778,-714.1955475744882,-22.79535245625169
523,fe,3.0,formaldehyde_formaldehyde_formaldehyde_thiopyridine,25.0,seesaw,tetrahedral,2.0,6.0,-1112.387988774761,-1112.4398113584425,-32.51867126016748
524,fe,3.0,ncs_acetonitrile_acetonitrile_acetonitrile,22.0,square planar,tetrahedral,2.0,6.0,-1012.2494901881204,-1012.2776044308832,-17.641687333762093
525,fe,3.0,ncs_ammonia_ammonia_ammonia,16.0,square planar,tetrahedral,2.0,6.0,-783.6110943284255,-783.6537593404707,-26.772295058419783
526,fe,3.0,ncs_benzisc_benzisc_benzisc,52.0,square planar,tetrahedral,2.0,6.0,-1705.3528232886663,-1705.3640599864525,-7.0510278605655685
527,fe,3.0,ncs_cyanopyridine_cyanopyridine_cyanopyridine,40.0,tetrahedral,tetrahedral,2.0,6.0,-1635.412924365743,-1635.5764266863555,-102.597706184456
528,fe,3.0,ncs_formaldehyde_formaldehyde_formaldehyde,16.0,tetrahedral,tetrahedral,2.0,6.0,-957.3961488390346,-957.4530935513944,-35.7328070057261
529,fe,3.0,ncs_methylamine_methylamine_methylamine,25.0,square planar,tetrahedral,2.0,6.0,-901.537310903132,-901.58196589052,-28.021004586086065
530,fe,3.0,ncs_pyridine_pyridine_pyridine,37.0,tetrahedral,tetrahedral,2.0,6.0,-1358.7639632328248,-1358.9148154584025,-94.65977154996722
531,fe,3.0,ncs_thiopyridine_thiopyridine_thiopyridine,40.0,tetrahedral,tetrahedral,2.0,6.0,-2553.2792462559337,-2553.4888238418016,-131.50993513211915
532,fe,3.0,ncs_ncs_acetonitrile_acetonitrile,19.0,square planar,tetrahedral,2.0,6.0,-1370.8698748706547,-1370.9095928512093,-24.92303279797511
533,fe,3.0,ncs_ncs_ammonia_ammonia,15.0,square planar,tetrahedral,2.0,6.0,-1218.485527376025,-1218.5156473127092,-18.900260269389836
534,fe,3.0,ncs_ncs_benzisc_benzisc,39.0,seesaw,tetrahedral,2.0,6.0,-1832.9210098545864,-1832.956291222731,-22.139058510546192
535,fe,3.0,ncs_ncs_cyanopyridine_cyanopyridine,31.0,tetrahedral,tetrahedral,2.0,6.0,-1786.311665016672,-1786.4526618308737,-88.47550091148605
536,fe,3.0,ncs_ncs_formaldehyde_formaldehyde,15.0,square planar,tetrahedral,2.0,6.0,-1334.3345623535583,-1334.3772742444992,-26.80171156537483
537,fe,3.0,ncs_ncs_methylamine_methylamine,21.0,square planar,tetrahedral,2.0,6.0,-1297.1015266086704,-1297.1283882747266,-16.855695450278176
538,fe,3.0,ncs_ncs_pyridine_pyridine,29.0,tetrahedral,tetrahedral,2.0,6.0,-1601.891721733056,-1601.9997591909864,-67.79350485142004
539,fe,3.0,ncs_ncs_thiopyridine_thiopyridine,31.0,tetrahedral,tetrahedral,2.0,6.0,-2398.231437512809,-2398.376109413914,-90.78161794344057
540,fe,3.0,ncs_ncs_ncs_acetonitrile,16.0,tetrahedral,tetrahedral,2.0,6.0,-1729.3301298370257,-1729.4310861271283,-63.350072039560814
541,fe,3.0,ncs_ncs_ncs_ammonia,14.0,tetrahedral,tetrahedral,2.0,6.0,-1653.1147060343226,-1653.2419844736382,-79.86722067057656
542,fe,3.0,ncs_ncs_ncs_benzisc,26.0,tetrahedral,tetrahedral,2.0,6.0,-1960.4063658595533,-1960.4525903489532,-29.00586709846664
543,fe,3.0,ncs_ncs_ncs_cyanopyridine,22.0,tetrahedral,tetrahedral,2.0,6.0,-1937.068914676716,-1937.2084463040555,-87.55609615551464
544,fe,3.0,ncs_ncs_ncs_formaldehyde,14.0,tetrahedral,tetrahedral,2.0,6.0,-1711.0602670867906,-1711.1731064383443,-70.80669309994846
545,fe,3.0,ncs_ncs_ncs_methylamine,17.0,tetrahedral,tetrahedral,2.0,6.0,-1692.4117541387068,-1692.5493302217255,-86.32899209427023
546,fe,3.0,ncs_ncs_ncs_pyridine,21.0,tetrahedral,tetrahedral,2.0,6.0,-1844.8398235273264,-1844.975245535481,-84.97731011686369
547,fe,3.0,ncs_ncs_ncs_thiopyridine,22.0,tetrahedral,tetrahedral,2.0,6.0,-2242.998466999209,-2243.162179284557,-102.72945905592223
548,fe,3.0,scn_formaldehyde_formaldehyde_formaldehyde,16.0,square planar,tetrahedral,2.0,6.0,-957.3665954558876,-957.4007789851512,-21.450164612766685
549,fe,3.0,scn_ncs_ncs_ncs,13.0,tetrahedral,tetrahedral,2.0,6.0,-2087.78317023163,-2087.833592817972,-31.64017292956601
550,fe,3.0,scn_scn_formaldehyde_formaldehyde,15.0,seesaw,tetrahedral,2.0,6.0,-1334.2313550545828,-1334.3002300948274,-43.21908775349925
551,fe,3.0,scn_scn_ncs_ncs,13.0,seesaw,tetrahedral,2.0,6.0,-2087.7671642075397,-2087.8105048867624,-27.1962762124906
552,fe,3.0,scn_scn_scn_formaldehyde,14.0,tetrahedral,tetrahedral,2.0,6.0,-1711.0623203333705,-1711.0915726652258,-18.355838239363607
553,fe,3.0,scn_scn_scn_ncs,13.0,tetrahedral,tetrahedral,2.0,6.0,-2087.748767871614,-2087.783423898022,-21.746656571529
554,mn,2.0,ncs_cyanate_cyanate_cyanate,13.0,tetrahedral,tetrahedral,2.0,6.0,-1099.3322158808508,-1099.4236766839344,-57.39165393501651
555,mn,2.0,ncs_furan_furan_furan,31.0,tetrahedral,tetrahedral,2.0,6.0,-1284.8212064541865,-1284.9070856158928,-53.88917397085606
557,mn,2.0,ncs_pph3_pph3_pph3,106.0,tetrahedral,tetrahedral,2.0,6.0,-3703.186763393612,-3703.808522543525,-390.1538665704277
558,mn,2.0,ncs_thiopyridine_thiopyridine_thiopyridine,40.0,tetrahedral,tetrahedral,2.0,6.0,-2534.0281061365326,-2534.352746270061,-203.71168378894023
559,mn,2.0,ncs_ncs_cyanate_cyanate,13.0,tetrahedral,tetrahedral,2.0,6.0,-1422.1270133872736,-1422.1661791558083,-24.57651975570343
561,mn,2.0,ncs_ncs_hydroxyl_hydroxyl,11.0,seesaw,tetrahedral,2.0,6.0,-1237.7521890786284,-1237.8250374982554,-45.712383315947136
562,mn,2.0,ncs_ncs_pph3_pph3,75.0,seesaw,tetrahedral,2.0,6.0,-3158.6870405989457,-3158.761242399125,-46.56162961248128
563,mn,2.0,ncs_ncs_thiopyridine_thiopyridine,31.0,square planar,tetrahedral,2.0,6.0,-2379.057291765804,-2379.129658111262,-45.40988177505142
564,mn,2.0,ncs_ncs_ncs_furan,19.0,tetrahedral,tetrahedral,2.0,6.0,-1807.2569667835053,-1807.3431981879585,-54.11020629424115
565,mn,2.0,ncs_ncs_ncs_hydroxyl,12.0,seesaw,tetrahedral,2.0,6.0,-1653.0416608123294,-1653.1177797905243,-47.76465881731667
566,mn,2.0,ncs_ncs_ncs_pph3,44.0,tetrahedral,tetrahedral,2.0,6.0,-2613.2756838140667,-2613.627191438537,-220.57103435481963
567,mn,2.0,ncs_ncs_ncs_thiopyridine,22.0,tetrahedral,tetrahedral,2.0,6.0,-2223.5913256738468,-2223.808541303966,-136.30280789994003
568,mn,3.0,cyanopyridine_formaldehyde_formaldehyde_formaldehyde,25.0,tetrahedral,tetrahedral,1.0,5.0,-786.8482559444031,-786.9296598985962,-51.0809812561655
569,mn,3.0,cyanopyridine_cyanopyridine_formaldehyde_formaldehyde,33.0,tetrahedral,tetrahedral,1.0,5.0,-1012.9163406465742,-1012.9884744629892,-45.263969800468544
570,mn,3.0,cyanopyridine_cyanopyridine_cyanopyridine_formaldehyde,41.0,tetrahedral,tetrahedral,1.0,5.0,-1238.974083547184,-1239.032352440642,-36.563730644916745
571,mn,3.0,formaldehyde_pyridine_pyridine_pyridine,38.0,tetrahedral,tetrahedral,1.0,5.0,-962.3295324984416,-962.3763830736916,-29.398735969306813
572,mn,3.0,formaldehyde_thiopyridine_thiopyridine_thiopyridine,41.0,tetrahedral,tetrahedral,1.0,5.0,-2156.93223659855,-2157.0093120783595,-48.364863580484325
573,mn,3.0,formaldehyde_formaldehyde_pyridine_pyridine,31.0,square planar,tetrahedral,1.0,5.0,-828.4701660554753,-828.5510678563013,-50.76588001834068
574,mn,3.0,formaldehyde_formaldehyde_thiopyridine_thiopyridine,33.0,square planar,tetrahedral,1.0,5.0,-1624.9100805137537,-1624.992513454432,-51.72667027574164
575,mn,3.0,formaldehyde_formaldehyde_formaldehyde_pyridine,24.0,tetrahedral,tetrahedral,1.0,5.0,-694.6227456315971,-694.7139173393732,-57.21024662949276
576,mn,3.0,formaldehyde_formaldehyde_formaldehyde_thiopyridine,25.0,tetrahedral,tetrahedral,1.0,5.0,-1092.8665762864832,-1092.9577394244425,-57.20486906943336
577,co,2.0,acetonitrile_acetonitrile_ammonia_ammonia,21.0,square planar,tetrahedral,2.0,4.0,-523.2552610610003,-523.2819635551126,-16.755815055485925
578,co,2.0,acetonitrile_acetonitrile_acetonitrile_ammonia,23.0,square planar,tetrahedral,2.0,4.0,-599.4516969524975,-599.4713479356302,-12.330991915764288
579,co,2.0,cn_ammonia_ammonia_ammonia,15.0,square planar,tetrahedral,2.0,4.0,-407.4443056951324,-407.4368056263393,4.7062931676654784
580,co,2.0,cn_cn_ammonia_ammonia,13.0,square planar,seesaw,2.0,4.0,-443.9377983044975,-443.9293337811692,5.3114883884813935
581,co,2.0,cn_cn_cn_ammonia,11.0,square planar,tetrahedral,2.0,4.0,-480.2960608897969,-480.2808296967698,9.557573624464055
582,co,2.0,scn_ammonia_ammonia_ammonia,16.0,edge,tetrahedral,2.0,4.0,-805.6566605794103,-805.6832687018351,-16.69659682157345
583,co,2.0,scn_scn_ammonia_ammonia,15.0,square planar,tetrahedral,2.0,4.0,-1240.3606338069662,-1240.387623010513,-16.935725225548595
584,co,2.0,scn_scn_scn_ammonia,14.0,tetrahedral,tetrahedral,2.0,4.0,-1674.9398423616665,-1674.9598651105136,-12.56427490174076
585,cr,3.0,cyanopyridine_pyridine_pyridine_pyridine,46.0,tetrahedral,seesaw,2.0,4.0,-1170.7914642302917,-1170.8231925403888,-19.90951458610482
586,cr,3.0,cyanopyridine_cyanopyridine_pyridine_pyridine,47.0,tetrahedral,tetrahedral,2.0,4.0,-1263.0037149179418,-1263.0392325623266,-22.28732185143315
587,cr,3.0,cyanopyridine_cyanopyridine_cyanopyridine_pyridine,48.0,tetrahedral,tetrahedral,2.0,4.0,-1355.1445935234542,-1355.2549886516383,-69.27294293567115
588,cr,3.0,pyridine_hydrogensulfide_hydrogensulfide_hydrogensulfide,21.0,square planar,square planar,2.0,4.0,-1531.611433554945,-1531.6624731868142,-32.02736899787055
589,cr,3.0,pyridine_hydroxyl_hydroxyl_hydroxyl,18.0,tetrahedral,tetrahedral,2.0,4.0,-562.1349935009537,-562.1574208917759,-14.073187740967228
590,cr,3.0,pyridine_thiopyridine_thiopyridine_thiopyridine,48.0,tetrahedral,tetrahedral,2.0,4.0,-2273.1653560358754,-2273.2000664344578,-21.78077511040556
591,cr,3.0,pyridine_pyridine_hydrogensulfide_hydrogensulfide,29.0,tetrahedral,tetrahedral,2.0,4.0,-1380.607812492827,-1380.6460715500311,-24.00755839562692
592,cr,3.0,pyridine_pyridine_hydroxyl_hydroxyl,27.0,tetrahedral,seesaw,2.0,4.0,-734.4158273761395,-734.4455792026824,-18.66927115567364
593,cr,3.0,pyridine_pyridine_pyridine_hydrogensulfide,37.0,tetrahedral,seesaw,2.0,4.0,-1229.602187715669,-1229.6350182333786,-20.6011498627106
594,cr,3.0,pyridine_pyridine_pyridine_thiopyridine,46.0,tetrahedral,tetrahedral,2.0,4.0,-1476.7742541678324,-1476.804379137036,-18.9034181752578
595,cr,3.0,scn_pyridine_pyridine_pyridine,37.0,edge,tetrahedral,2.0,4.0,-1321.7350725392453,-1321.749526049446,-9.069577650882934
596,cr,3.0,scn_scn_pyridine_pyridine,29.0,edge,tetrahedral,2.0,4.0,-1564.7962477890112,-1564.809908619288,-8.572170998597244
597,cr,3.0,scn_scn_scn_pyridine,21.0,tetrahedral,edge,2.0,4.0,-1807.7519371058008,-1807.7860641878144,-21.41474396338083
598,fe,2.0,cyanate_furan_furan_furan,31.0,seesaw,tetrahedral,1.0,5.0,-981.3445209717456,-981.393704419025,-30.86261316771896
599,fe,2.0,cyanate_hydrogensulfide_hydrogensulfide_hydrogensulfide,13.0,seesaw,tetrahedral,1.0,5.0,-1489.4303003836717,-1489.4761177086257,-28.750371408484057
600,fe,2.0,cyanate_cyanate_furan_furan,25.0,square planar,unknown,1.0,5.0,-918.8988961721336,-919.0174627845898,-74.40054931627827
602,fe,2.0,cyanate_cyanate_pyridine_pyridine,29.0,seesaw,tetrahedral,1.0,5.0,-956.2079741926104,-956.2687267073928,-38.12220302595193
603,fe,2.0,cyanate_cyanate_cyanate_furan,19.0,seesaw,tetrahedral,1.0,5.0,-857.7722533709407,-857.8576195171213,-53.567256728329085
604,fe,2.0,cyanate_cyanate_cyanate_hydrogensulfide,13.0,tetrahedral,trigonal planar,1.0,5.0,-1027.171166544567,-1027.2297448709985,-36.75789983571349
605,fe,2.0,cyanate_cyanate_cyanate_pyridine,21.0,tetrahedral,tetrahedral,1.0,5.0,-876.0667466948503,-876.1397306348607,-45.797422356545496
606,fe,2.0,furan_pyridine_pyridine_pyridine,43.0,trigonal pyramidal,tetrahedral,1.0,5.0,-1097.871478916145,-1097.925708978389,-34.029364057942075
607,fe,2.0,furan_furan_pyridine_pyridine,41.0,seesaw,tetrahedral,1.0,5.0,-1079.5547287931693,-1079.6225096672156,-42.53249846406618
608,fe,2.0,furan_furan_furan_pyridine,39.0,seesaw,tetrahedral,1.0,5.0,-1061.239441531517,-1061.3129632616708,-46.13488567147385
609,fe,2.0,pyridine_hydrogensulfide_hydrogensulfide_hydrogensulfide,21.0,square planar,tetrahedral,1.0,5.0,-1569.3337924804057,-1569.3785966014236,-28.114585938752725
610,fe,2.0,scn_cyanate_cyanate_cyanate,13.0,seesaw,tetrahedral,1.0,5.0,-1118.8002514963737,-1118.888769519444,-55.54505947659095
611,fe,2.0,scn_pyridine_pyridine_pyridine,37.0,edge,tetrahedral,1.0,5.0,-1359.2228482560608,-1359.2610212562824,-23.95355763905684
612,fe,2.0,scn_scn_cyanate_cyanate,13.0,seesaw,tetrahedral,1.0,5.0,-1441.7750736838532,-1441.860678971756,-53.71731815901228
613,fe,2.0,scn_scn_pyridine_pyridine,29.0,edge,tetrahedral,1.0,5.0,-1602.1586893039434,-1602.2120017604743,-33.45356647312428
614,fe,2.0,scn_scn_scn_cyanate,13.0,seesaw,tetrahedral,1.0,5.0,-1764.7518438645673,-1764.8347078021388,-51.997120826162586
615,fe,2.0,scn_scn_scn_pyridine,21.0,tetrahedral,tetrahedral,1.0,5.0,-1844.9904845020264,-1845.055621572962,-40.873512012110496
616,fe,3.0,acetonitrile_ammonia_ammonia_ammonia,19.0,tetrahedral,tetrahedral,2.0,6.0,-424.7583237118757,-424.797907332964,-24.838722232906747
617,fe,3.0,acetonitrile_pyridine_pyridine_pyridine,40.0,tetrahedral,tetrahedral,2.0,6.0,-1000.1248128291528,-1000.1575064874116,-20.51527055734823
618,fe,3.0,acetonitrile_acetonitrile_ammonia_ammonia,21.0,seesaw,tetrahedral,2.0,6.0,-500.9900848659459,-501.0303292907041,-25.25337653577921
619,fe,3.0,acetonitrile_acetonitrile_pyridine_pyridine,35.0,square planar,tetrahedral,2.0,6.0,-884.5656840784466,-884.6003869393954,-21.77604524541522
620,fe,3.0,acetonitrile_acetonitrile_acetonitrile_ammonia,23.0,tetrahedral,tetrahedral,2.0,6.0,-577.1982985619064,-577.2557359826194,-36.04198149739005
621,fe,3.0,acetonitrile_acetonitrile_acetonitrile_pyridine,30.0,seesaw,tetrahedral,2.0,6.0,-768.9710487698056,-769.0404435974785,-43.54525436475029
622,fe,3.0,ammonia_benzisc_benzisc_benzisc,53.0,square planar,tetrahedral,2.0,6.0,-1270.450489578771,-1270.4766017397133,-16.38538099119785
623,fe,3.0,ammonia_cyanopyridine_cyanopyridine_cyanopyridine,41.0,tetrahedral,tetrahedral,2.0,6.0,-1200.5503494405282,-1200.588933909114,-24.211754037649484
624,fe,3.0,ammonia_methylamine_methylamine_methylamine,26.0,tetrahedral,tetrahedral,2.0,6.0,-466.5024709061215,-466.5305728909246,-17.633995463963572
625,fe,3.0,ammonia_pyridine_pyridine_pyridine,38.0,tetrahedral,tetrahedral,2.0,6.0,-923.9046987834088,-923.9391584921332,-21.62346722455993
626,fe,3.0,ammonia_thiopyridine_thiopyridine_thiopyridine,41.0,square planar,tetrahedral,2.0,6.0,-2118.536838026726,-2118.561325542162,-15.365915936531565
627,fe,3.0,ammonia_ammonia_benzisc_benzisc,41.0,square planar,tetrahedral,2.0,6.0,-963.1946052603126,-963.229051358342,-21.6149265133987
628,fe,3.0,ammonia_ammonia_cyanopyridine_cyanopyridine,33.0,square planar,tetrahedral,2.0,6.0,-916.5729668397644,-916.5999875917518,-16.95552187215185
629,fe,3.0,ammonia_ammonia_methylamine_methylamine,23.0,tetrahedral,tetrahedral,2.0,6.0,-427.1795485925009,-427.20876663999377,-18.33432480177052
630,fe,3.0,ammonia_ammonia_pyridine_pyridine,31.0,square planar,tetrahedral,2.0,6.0,-732.1319606254079,-732.1596129406358,-17.35182780550531
631,fe,3.0,ammonia_ammonia_ammonia_benzisc,29.0,square planar,tetrahedral,2.0,6.0,-655.938999041621,-655.9617809604255,-14.29565404984004
632,fe,3.0,ammonia_ammonia_ammonia_cyanopyridine,25.0,square planar,tetrahedral,2.0,6.0,-632.5726148517298,-632.6010490702162,-17.84247210020453
633,fe,3.0,ammonia_ammonia_ammonia_methylamine,20.0,tetrahedral,tetrahedral,2.0,6.0,-387.85026568695866,-387.88568454526416,-22.22533358669537
634,fe,3.0,ammonia_ammonia_ammonia_pyridine,24.0,square planar,trigonal pyramidal,2.0,6.0,-540.352661949613,-540.3807254408024,-17.609840721357273
635,fe,3.0,ammonia_ammonia_ammonia_thiopyridine,25.0,square planar,tetrahedral,2.0,6.0,-938.604416148428,-938.6281297809392,-14.8803044008514
636,fe,3.0,benzisc_pyridine_pyridine_pyridine,50.0,square planar,tetrahedral,2.0,6.0,-1231.212851533851,-1231.2297500341958,-10.603808966313863
637,fe,3.0,benzisc_benzisc_pyridine_pyridine,55.0,square planar,tetrahedral,2.0,6.0,-1346.719632933021,-1346.734043949645,-9.042912931325304
638,fe,3.0,benzisc_benzisc_benzisc_pyridine,60.0,square planar,tetrahedral,2.0,6.0,-1462.1906589395553,-1462.2279982509988,-23.43041793078044
639,fe,3.0,cyanopyridine_pyridine_pyridine_pyridine,46.0,tetrahedral,tetrahedral,2.0,6.0,-1207.8929485007225,-1207.9265073615477,-21.058185167685224
640,fe,3.0,cyanopyridine_cyanopyridine_pyridine_pyridine,47.0,tetrahedral,tetrahedral,2.0,6.0,-1300.1085371288318,-1300.142461652294,-21.28763847255982
641,fe,3.0,cyanopyridine_cyanopyridine_cyanopyridine_pyridine,48.0,tetrahedral,tetrahedral,2.0,6.0,-1392.3237680487853,-1392.3589879735312,-22.100502778044984
642,fe,3.0,methylamine_pyridine_pyridine_pyridine,41.0,seesaw,tetrahedral,2.0,6.0,-963.219993697346,-963.2526819070032,-20.511851559880935
643,fe,3.0,methylamine_methylamine_pyridine_pyridine,37.0,tetrahedral,tetrahedral,2.0,6.0,-810.7545471914905,-810.7905937930993,-22.619242509559285
644,fe,3.0,methylamine_methylamine_methylamine_pyridine,33.0,tetrahedral,tetrahedral,2.0,6.0,-658.2928448404767,-658.3235836095822,-19.28857761369045
645,fe,3.0,pyridine_thiopyridine_thiopyridine_thiopyridine,48.0,square planar,tetrahedral,2.0,6.0,-2310.2910956851565,-2310.316546433069,-15.970344315156808
646,fe,3.0,pyridine_pyridine_thiopyridine_thiopyridine,47.0,square planar,tetrahedral,2.0,6.0,-1912.0916743672603,-1912.1175975156557,-16.266775617939402
647,fe,3.0,pyridine_pyridine_pyridine_thiopyridine,46.0,seesaw,tetrahedral,2.0,6.0,-1513.8825630639662,-1513.9171045067174,-21.674755326318973
648,fe,3.0,scn_ammonia_ammonia_ammonia,16.0,square planar,trigonal pyramidal,2.0,6.0,-783.571320587913,-783.5988616134401,-17.281993518299714
649,fe,3.0,scn_scn_ammonia_ammonia,15.0,square planar,tetrahedral,2.0,6.0,-1218.418857325236,-1218.438951353295,-12.609002606749868
650,fe,3.0,scn_scn_pyridine_pyridine,29.0,tetrahedral,tetrahedral,2.0,6.0,-1601.7901980216575,-1601.925802962233,-85.09210021133413
651,fe,3.0,scn_scn_scn_ammonia,14.0,edge,tetrahedral,2.0,6.0,-1653.1364920861042,-1653.1649689638386,-17.8692407783484
652,fe,3.0,scn_scn_scn_pyridine,21.0,tetrahedral,tetrahedral,2.0,6.0,-1844.808581356316,-1844.895598558408,-54.60329431290802
653,mn,2.0,cyanate_furan_furan_furan,31.0,seesaw,tetrahedral,2.0,6.0,-961.8218824179164,-961.9063654805848,-53.01312182447276
654,mn,2.0,cyanate_hydroxyl_hydroxyl_hydroxyl,10.0,trigonal planar,tetrahedral,2.0,6.0,-499.5326653585821,-499.52531537504274,4.612114670919283
655,mn,2.0,cyanate_pph3_pph3_pph3,106.0,tetrahedral,tetrahedral,2.0,6.0,-3380.4659233609004,-3380.8168225246995,-220.1892252839434
657,mn,2.0,cyanate_cyanate_hydroxyl_hydroxyl,11.0,tetrahedral,seesaw,2.0,6.0,-591.6866321018144,-591.6820885796219,2.8510601758154053
658,mn,2.0,cyanate_cyanate_pph3_pph3,75.0,tetrahedral,T shape,2.0,6.0,-2512.1117710797826,-2512.2160004342218,-65.40391991060574
659,mn,2.0,cyanate_cyanate_thiopyridine_thiopyridine,31.0,seesaw,tetrahedral,2.0,6.0,-1732.3953880434908,-1732.435514873826,-25.17958603528257
660,mn,2.0,cyanate_cyanate_cyanate_furan,19.0,tetrahedral,tetrahedral,2.0,6.0,-838.2822831557977,-838.3713197648223,-55.870472162911824
661,mn,2.0,cyanate_cyanate_cyanate_pph3,44.0,tetrahedral,tetrahedral,2.0,6.0,-1644.3938704461596,-1644.6577720524874,-165.59825797073415
662,mn,2.0,cyanate_cyanate_cyanate_thiopyridine,22.0,tetrahedral,tetrahedral,2.0,6.0,-1254.70884402759,-1254.8391003350653,-81.73583294074604
663,mn,3.0,cyanopyridine_pyridine_pyridine_pyridine,46.0,tetrahedral,tetrahedral,1.0,5.0,-1188.380313771131,-1188.4156942433508,-22.20124631799536
664,mn,3.0,cyanopyridine_cyanopyridine_pyridine_pyridine,47.0,tetrahedral,tetrahedral,1.0,5.0,-1280.5957480993736,-1280.6338865626046,-23.931885677457103
665,mn,3.0,cyanopyridine_cyanopyridine_cyanopyridine_pyridine,48.0,tetrahedral,tetrahedral,1.0,5.0,-1372.8116802678228,-1372.8528282164373,-25.820337755586134
666,mn,3.0,pyridine_thiopyridine_thiopyridine_thiopyridine,48.0,tetrahedral,tetrahedral,1.0,5.0,-2290.7592920124216,-2290.823678986552,-40.4028262667191
667,mn,3.0,pyridine_pyridine_thiopyridine_thiopyridine,47.0,tetrahedral,tetrahedral,1.0,5.0,-1892.5622874879869,-1892.626130787264,-40.061670296377656
668,mn,3.0,pyridine_pyridine_pyridine_thiopyridine,46.0,tetrahedral,tetrahedral,1.0,5.0,-1494.3644829172388,-1494.4182635500647,-33.74734709826441
669,ni,2.0,acetonitrile_pyridine_pyridine_pyridine,40.0,square planar,tetrahedral,1.0,3.0,-1046.5339601915025,-1046.531045753446,1.8288098802798916
670,ni,2.0,acetonitrile_acetonitrile_pyridine_pyridine,35.0,square planar,tetrahedral,1.0,3.0,-930.9873408962892,-930.98670811002,0.3970733839901186
671,ni,2.0,acetonitrile_acetonitrile_acetonitrile_pyridine,30.0,square planar,tetrahedral,1.0,3.0,-815.4389219348633,-815.441211096249,-1.436448769565004
672,ni,2.0,cyanate_acetonitrile_acetonitrile_acetonitrile,22.0,square planar,tetrahedral,1.0,3.0,-735.4954155108671,-735.5062545708752,-6.80151015504407
673,ni,2.0,cyanate_thiopyridine_thiopyridine_thiopyridine,40.0,square planar,tetrahedral,1.0,3.0,-2276.693479108907,-2276.696066045686,-1.6233028289184404
674,ni,2.0,cyanate_cyanate_acetonitrile_acetonitrile,19.0,square planar,tetrahedral,1.0,3.0,-771.0133262219089,-771.024743035317,-7.164050413594225
675,ni,2.0,cyanate_cyanate_pyridine_pyridine,29.0,square planar,square planar,1.0,3.0,-1001.3609935894016,-1001.3610944888692,-0.0633144157833953
676,ni,2.0,cyanate_cyanate_thiopyridine_thiopyridine,31.0,trigonal pyramidal,tetrahedral,1.0,3.0,-1797.7393057558045,-1797.763637157324,-15.267954453613584
677,ni,2.0,cyanate_cyanate_cyanate_acetonitrile,16.0,seesaw,tetrahedral,1.0,3.0,-806.3993202273383,-806.4362195629685,-23.15433310795669
678,ni,2.0,cyanate_cyanate_cyanate_pyridine,21.0,square planar,tetrahedral,1.0,3.0,-921.958245505848,-921.9773378677818,-11.9804571135046
679,ni,2.0,cyanate_cyanate_cyanate_thiopyridine,22.0,square planar,tetrahedral,1.0,3.0,-1320.1459325616572,-1320.1654047709171,-12.218811310731326
680,ni,2.0,pyridine_thiopyridine_thiopyridine_thiopyridine,48.0,square planar,tetrahedral,1.0,3.0,-2356.644996026618,-2356.6409031806206,2.5682608634610915
681,ni,2.0,pyridine_pyridine_thiopyridine_thiopyridine,47.0,square planar,tetrahedral,1.0,3.0,-1958.4560431084813,-1958.4509868272812,3.1728164528828984
682,ni,2.0,pyridine_pyridine_pyridine_thiopyridine,46.0,square planar,tetrahedral,1.0,3.0,-1560.2670415774958,-1560.2616949555902,3.3550052457474067
683,co,2.0,cn_acetonitrile_acetonitrile_acetonitrile,21.0,square planar,tetrahedral,2.0,4.0,-636.0504150878779,-636.025370827889,15.715273143054276
684,co,2.0,cn_cn_acetonitrile_acetonitrile,17.0,square planar,tetrahedral,2.0,4.0,-596.3042285969964,-596.3217742629357,-11.00990537693434
685,co,2.0,cn_cn_cn_acetonitrile,13.0,square planar,tetrahedral,2.0,4.0,-556.4826052127041,-556.481856421094,0.4698667353599717
686,co,2.0,scn_acetonitrile_acetonitrile_acetonitrile,22.0,edge,tetrahedral,2.0,4.0,-1034.249419817114,-1034.2749426132518,-16.01555457640245
687,co,2.0,scn_cn_cn_cn,10.0,square planar,tetrahedral,2.0,4.0,-914.7465470492372,-914.7501743259344,-2.2761161273604102
688,co,2.0,scn_scn_acetonitrile_acetonitrile,19.0,square planar,tetrahedral,2.0,4.0,-1392.7487644014047,-1392.765301824758,-10.377233154105738
689,co,2.0,scn_scn_cn_cn,11.0,square planar,tetrahedral,2.0,4.0,-1312.97713460121,-1312.9789988852444,-1.1698382317001688
690,co,2.0,scn_scn_scn_acetonitrile,16.0,square planar,tetrahedral,2.0,4.0,-1751.1313479947405,-1751.151955047573,-12.93092565237771
691,co,2.0,scn_scn_scn_cn,12.0,square planar,tetrahedral,2.0,4.0,-1711.1425696278698,-1711.218482219385,-47.63515117574684
692,co,3.0,benzisc_methylamine_methylamine_methylamine,38.0,square planar,tetrahedral,1.0,5.0,-795.5158030682388,-795.5301407312318,-8.996883528072033
693,co,3.0,benzisc_thiopyridine_thiopyridine_thiopyridine,53.0,square planar,tetrahedral,1.0,5.0,-2447.4390041683223,-2447.4521234336976,-8.232339022988526
694,co,3.0,benzisc_benzisc_methylamine_methylamine,47.0,seesaw,tetrahedral,1.0,5.0,-1063.4645655418806,-1063.4851436852096,-12.912784938932305
695,co,3.0,benzisc_benzisc_thiopyridine_thiopyridine,57.0,seesaw,tetrahedral,1.0,5.0,-2164.6931727440588,-2164.754315141457,-38.3668543677004
696,co,3.0,benzisc_benzisc_benzisc_methylamine,56.0,square planar,tetrahedral,1.0,5.0,-1331.3672841272712,-1331.4252967500634,-36.40292080207303
697,co,3.0,benzisc_benzisc_benzisc_thiopyridine,61.0,square planar,tetrahedral,1.0,5.0,-1882.0567746260356,-1882.057996056537,-0.76644763973718
698,co,3.0,methylamine_thiopyridine_thiopyridine_thiopyridine,44.0,square planar,tetrahedral,1.0,5.0,-2179.489008186613,-2179.506713170663,-11.109877491338692
699,co,3.0,methylamine_methylamine_thiopyridine_thiopyridine,39.0,square planar,tetrahedral,1.0,5.0,-1628.8321400011505,-1628.8584503947725,-16.50977199780357
700,co,3.0,methylamine_methylamine_methylamine_thiopyridine,34.0,square planar,tetrahedral,1.0,5.0,-1078.181684639399,-1078.1774284515982,2.670757845014577
701,co,3.0,scn_benzisc_benzisc_benzisc,52.0,seesaw,tetrahedral,1.0,5.0,-1726.9580675936877,-1726.9739432477077,-9.961972897670536
702,co,3.0,scn_methylamine_methylamine_methylamine,25.0,square planar,trigonal pyramidal,1.0,5.0,-923.1473182017164,-923.1666659818858,-12.14073205620764
703,co,3.0,scn_thiopyridine_thiopyridine_thiopyridine,40.0,square planar,tetrahedral,1.0,5.0,-2575.096861390404,-2575.077281828142,12.286175319500217
704,co,3.0,scn_scn_benzisc_benzisc,39.0,square planar,tetrahedral,1.0,5.0,-1854.5289093272656,-1854.5267675641533,1.3439563530164378
705,co,3.0,scn_scn_methylamine_methylamine,21.0,edge,tetrahedral,1.0,5.0,-1318.6816996711184,-1318.6934070205782,-7.346361786031821
706,co,3.0,scn_scn_thiopyridine_thiopyridine,31.0,square planar,tetrahedral,1.0,5.0,-2419.926555107731,-2419.936003854968,-5.929088891218726
707,co,3.0,scn_scn_scn_benzisc,26.0,square planar,tetrahedral,1.0,5.0,-1981.9904657242828,-1982.0030723474697,-7.9106560497871214
708,co,3.0,scn_scn_scn_methylamine,17.0,tetrahedral,tetrahedral,1.0,5.0,-1714.0675555217192,-1714.0981408536657,-19.192295796391363
709,co,3.0,scn_scn_scn_thiopyridine,22.0,seesaw,tetrahedral,1.0,5.0,-2264.68894977977,-2264.707961317853,-11.929740147273831
710,cr,2.0,hydroxyl_s2-_s2-_s2-,6.0,tetrahedral,tetrahedral,1.0,5.0,-1355.7414179427954,-1355.756415364043,-9.410881832931182
711,cr,2.0,hydroxyl_hydroxyl_s2-_s2-,7.0,tetrahedral,tetrahedral,1.0,5.0,-1033.7623283595506,-1033.8115893259353,-30.9112564064219
712,cr,2.0,hydroxyl_hydroxyl_hydroxyl_s2-,8.0,tetrahedral,tetrahedral,1.0,5.0,-711.7058590469742,-711.7540525098484,-30.24139795357541
713,cr,3.0,cyanopyridine_hydrogensulfide_hydrogensulfide_hydrogensulfide,22.0,seesaw,square planar,2.0,4.0,-1623.833454833357,-1623.880150236188,-29.301365276384672
714,cr,3.0,cyanopyridine_hydroxyl_hydroxyl_hydroxyl,19.0,tetrahedral,tetrahedral,2.0,4.0,-654.3746969197528,-654.39201558107,-10.867459976599603
715,cr,3.0,cyanopyridine_thiopyridine_thiopyridine_thiopyridine,49.0,tetrahedral,square planar,2.0,4.0,-2365.387128210876,-2365.423340848852,-22.72343032990875
716,cr,3.0,cyanopyridine_cyanopyridine_hydrogensulfide_hydrogensulfide,31.0,tetrahedral,square planar,2.0,4.0,-1565.0441794430833,-1565.085306427737,-25.80718287013497
717,cr,3.0,cyanopyridine_cyanopyridine_hydroxyl_hydroxyl,29.0,tetrahedral,seesaw,2.0,4.0,-918.868724940504,-918.8991189560512,-19.07224475589601
718,cr,3.0,cyanopyridine_cyanopyridine_thiopyridine_thiopyridine,49.0,tetrahedral,tetrahedral,2.0,4.0,-2059.406323060915,-2059.433940760663,-17.33010659195429
719,cr,3.0,cyanopyridine_cyanopyridine_cyanopyridine_hydrogensulfide,40.0,tetrahedral,trigonal pyramidal,2.0,4.0,-1506.2475519277052,-1506.2782772604353,-19.280146288119795
720,cr,3.0,cyanopyridine_cyanopyridine_cyanopyridine_hydroxyl,39.0,tetrahedral,tetrahedral,2.0,4.0,-1183.2072896667405,-1183.2362711511637,-18.18588147540538
721,cr,3.0,cyanopyridine_cyanopyridine_cyanopyridine_thiopyridine,49.0,tetrahedral,tetrahedral,2.0,4.0,-1753.4238389569434,-1753.452174537322,-17.780576687541725
722,cr,3.0,hydroxyl_hydrogensulfide_hydrogensulfide_hydrogensulfide,12.0,tetrahedral,tetrahedral,2.0,4.0,-1359.64667119163,-1359.6796269429788,-20.679733971314818
723,cr,3.0,hydroxyl_hydroxyl_hydrogensulfide_hydrogensulfide,11.0,tetrahedral,seesaw,2.0,4.0,-1036.5276448493044,-1036.556639939565,-18.19441913855826
725,cr,3.0,scn_cyanopyridine_cyanopyridine_cyanopyridine,40.0,edge,tetrahedral,2.0,4.0,-1598.3949874003238,-1598.408887979153,-8.722613215310275
726,cr,3.0,scn_hydrogensulfide_hydrogensulfide_hydrogensulfide,13.0,square planar,square planar,2.0,4.0,-1774.8286522567898,-1774.8755226448486,-29.411168506883318
728,cr,3.0,scn_thiopyridine_thiopyridine_thiopyridine,40.0,edge,tetrahedral,2.0,4.0,-2516.312140852014,-2516.327303149574,-9.514341718603418
729,cr,3.0,scn_scn_cyanopyridine_cyanopyridine,31.0,edge,tetrahedral,2.0,4.0,-1749.2452579894425,-1749.2580901940134,-8.052208368265497
730,cr,3.0,scn_scn_hydroxyl_hydroxyl,11.0,tetrahedral,tetrahedral,2.0,4.0,-1220.1981013091788,-1220.2269191905218,-18.083220542733898
731,cr,3.0,scn_scn_thiopyridine_thiopyridine,31.0,edge,tetrahedral,2.0,4.0,-2361.17391686675,-2361.1886124315297,-9.221466899252846
732,cr,3.0,scn_scn_scn_cyanopyridine,22.0,tetrahedral,tetrahedral,2.0,4.0,-1899.962968353851,-1899.999725635156,-23.06519401901255
733,cr,3.0,scn_scn_scn_hydrogensulfide,13.0,tetrahedral,edge,2.0,4.0,-1958.8158117856171,-1958.8577003320463,-26.285062884300032
734,cr,3.0,scn_scn_scn_hydroxyl,12.0,tetrahedral,tetrahedral,2.0,4.0,-1635.4134980843792,-1635.4430889809134,-18.56828757525648
735,cr,3.0,scn_scn_scn_thiopyridine,22.0,tetrahedral,edge,2.0,4.0,-2205.9661669829416,-2205.973535609248,-4.623813007195849
736,cr,3.0,thiopyridine_hydroxyl_hydroxyl_hydroxyl,19.0,tetrahedral,seesaw,2.0,4.0,-960.3223225821504,-960.3522167941704,-18.758618042512296
737,cr,3.0,thiopyridine_thiopyridine_hydrogensulfide_hydrogensulfide,31.0,seesaw,square planar,2.0,4.0,-2177.0253211239897,-2177.0961630399456,-44.45330226236024
738,cr,3.0,thiopyridine_thiopyridine_hydroxyl_hydroxyl,29.0,tetrahedral,tetrahedral,2.0,4.0,-1530.6588982986193,-1530.8132637267613,-96.86430615910524
739,cr,3.0,thiopyridine_thiopyridine_thiopyridine_hydrogensulfide,40.0,tetrahedral,square planar,2.0,4.0,-2424.2033185391624,-2424.249775048664,-29.151459712028327
740,cr,3.0,thiopyridine_thiopyridine_thiopyridine_hydroxyl,39.0,tetrahedral,tetrahedral,2.0,4.0,-2101.122678057324,-2101.152040770211,-18.42510233670396
741,fe,2.0,furan_hydrogensulfide_hydrogensulfide_hydrogensulfide,19.0,sandwich,tetrahedral,1.0,5.0,-1551.0195341021133,-1551.0639481666444,-27.86982549327206
742,fe,2.0,furan_furan_hydrogensulfide_hydrogensulfide,25.0,seesaw,tetrahedral,1.0,5.0,-1381.6475847626891,-1381.710209410705,-39.29696662977108
743,fe,2.0,furan_furan_furan_hydrogensulfide,31.0,sandwich,tetrahedral,1.0,5.0,-1212.3019214520632,-1212.3556944160698,-33.742534914148905
744,fe,2.0,scn_furan_furan_furan,31.0,edge,tetrahedral,1.0,5.0,-1304.3267582736164,-1304.3698908475787,-27.065690161367684
745,fe,2.0,scn_hydrogensulfide_hydrogensulfide_hydrogensulfide,13.0,edge,tetrahedral,1.0,5.0,-1812.4178029736888,-1812.4541538517688,-22.810175995298323
746,fe,2.0,scn_scn_furan_furan,25.0,seesaw,tetrahedral,1.0,5.0,-1565.5504746334502,-1565.6307476961158,-50.37134682265332
747,fe,2.0,scn_scn_hydrogensulfide_hydrogensulfide,13.0,seesaw,tetrahedral,1.0,5.0,-1904.3150526696224,-1904.3618582991835,-29.37053254955856
748,fe,2.0,scn_scn_scn_furan,19.0,seesaw,tetrahedral,1.0,5.0,-1826.694899451849,-1826.7696457019745,-46.90327195352836
749,fe,2.0,scn_scn_scn_hydrogensulfide,13.0,seesaw,tetrahedral,1.0,5.0,-1996.0731073391971,-1996.143277131546,-44.0315446987961
750,fe,3.0,acetonitrile_benzisc_benzisc_benzisc,55.0,square planar,tetrahedral,2.0,6.0,-1346.66984267099,-1346.684116575174,-8.956874875563585
751,fe,3.0,acetonitrile_methylamine_methylamine_methylamine,28.0,tetrahedral,tetrahedral,2.0,6.0,-542.7266406428573,-542.7619650746843,-22.166080971447
752,fe,3.0,acetonitrile_thiopyridine_thiopyridine_thiopyridine,43.0,tetrahedral,tetrahedral,2.0,6.0,-2194.632435035767,-2194.7741357670347,-88.9172088706539
753,fe,3.0,acetonitrile_acetonitrile_benzisc_benzisc,45.0,square planar,tetrahedral,2.0,6.0,-1115.6296442939836,-1115.644149028862,-9.101721136276524
754,fe,3.0,acetonitrile_acetonitrile_cyanopyridine_cyanopyridine,37.0,square planar,tetrahedral,2.0,6.0,-1069.001384427281,-1069.037468397079,-22.64269104826269
755,fe,3.0,acetonitrile_acetonitrile_methylamine_methylamine,27.0,tetrahedral,tetrahedral,2.0,6.0,-579.6383653014329,-579.6694087879702,-19.479787802102067
756,fe,3.0,acetonitrile_acetonitrile_thiopyridine_thiopyridine,37.0,square planar,tetrahedral,2.0,6.0,-1681.0043584262853,-1681.031335585833,-16.928167616144947
757,fe,3.0,acetonitrile_acetonitrile_acetonitrile_benzisc,35.0,square planar,tetrahedral,2.0,6.0,-884.5754353773563,-884.5990104408518,-14.793352343434949
758,fe,3.0,acetonitrile_acetonitrile_acetonitrile_cyanopyridine,31.0,tetrahedral,tetrahedral,2.0,6.0,-861.2102844498169,-861.2624680354083,-32.745199958652904
759,fe,3.0,acetonitrile_acetonitrile_acetonitrile_methylamine,26.0,tetrahedral,tetrahedral,2.0,6.0,-616.5172264826987,-616.5760769339538,-36.92865816259115
760,fe,3.0,acetonitrile_acetonitrile_acetonitrile_thiopyridine,31.0,square planar,tetrahedral,2.0,6.0,-1167.246779246448,-1167.2770068266686,-18.96780658837997
761,fe,3.0,benzisc_cyanopyridine_cyanopyridine_cyanopyridine,53.0,seesaw,tetrahedral,2.0,6.0,-1507.843960387373,-1507.887419398144,-27.27052925874148
762,fe,3.0,benzisc_methylamine_methylamine_methylamine,38.0,square planar,tetrahedral,2.0,6.0,-773.8718755342182,-773.8910851009299,-12.054003111561542
763,fe,3.0,benzisc_thiopyridine_thiopyridine_thiopyridine,53.0,square planar,tetrahedral,2.0,6.0,-2425.79491325162,-2425.8137937925035,-11.847539404619738
764,fe,3.0,benzisc_benzisc_cyanopyridine_cyanopyridine,57.0,square planar,tetrahedral,2.0,6.0,-1531.1593997337725,-1531.1733260746976,-8.738778930631383
765,fe,3.0,benzisc_benzisc_methylamine_methylamine,47.0,square planar,tetrahedral,2.0,6.0,-1041.817744764992,-1041.847161227765,-18.45883038994145
766,fe,3.0,benzisc_benzisc_thiopyridine_thiopyridine,57.0,square planar,tetrahedral,2.0,6.0,-2143.102835812018,-2143.118502737373,-9.83099566036458
767,fe,3.0,benzisc_benzisc_benzisc_cyanopyridine,61.0,square planar,tetrahedral,2.0,6.0,-1554.4393127756805,-1554.4477177499928,-5.274121380949737
768,fe,3.0,benzisc_benzisc_benzisc_methylamine,56.0,square planar,tetrahedral,2.0,6.0,-1309.759845657508,-1309.7858449202045,-16.314537342108224
769,fe,3.0,benzisc_benzisc_benzisc_thiopyridine,61.0,square planar,tetrahedral,2.0,6.0,-1860.409649909789,-1860.419735318972,-6.328594261997296
770,fe,3.0,cyanopyridine_methylamine_methylamine_methylamine,34.0,square planar,tetrahedral,2.0,6.0,-750.5081779271751,-750.5420257595414,-21.23951480984772
771,fe,3.0,cyanopyridine_thiopyridine_thiopyridine_thiopyridine,49.0,square planar,tetrahedral,2.0,6.0,-2402.5104357674645,-2402.5350537550967,-15.44778723917716
772,fe,3.0,cyanopyridine_cyanopyridine_methylamine_methylamine,39.0,tetrahedral,tetrahedral,2.0,6.0,-995.187194530084,-995.2242238180228,-23.235878181610587
773,fe,3.0,cyanopyridine_cyanopyridine_cyanopyridine_methylamine,44.0,tetrahedral,tetrahedral,2.0,6.0,-1239.8671232479055,-1239.901426371001,-21.525209742264337
774,fe,3.0,cyanopyridine_cyanopyridine_cyanopyridine_thiopyridine,49.0,square planar,tetrahedral,2.0,6.0,-1790.5413689420225,-1790.5694373892875,-17.61295065879608
775,fe,3.0,methylamine_thiopyridine_thiopyridine_thiopyridine,44.0,square planar,tetrahedral,2.0,6.0,-2157.8462135723894,-2157.8692776191665,-14.47268935263537
776,fe,3.0,methylamine_methylamine_thiopyridine_thiopyridine,39.0,square planar,tetrahedral,2.0,6.0,-1607.20017252745,-1607.2210437728468,-13.096706486379048
777,fe,3.0,methylamine_methylamine_methylamine_thiopyridine,34.0,square planar,tetrahedral,2.0,6.0,-1056.5375387212694,-1056.5591337444523,-13.550877047446193
778,fe,3.0,scn_acetonitrile_acetonitrile_acetonitrile,22.0,square planar,tetrahedral,2.0,6.0,-1012.2051661778283,-1012.231452658032,-16.49476632766664
779,fe,3.0,scn_benzisc_benzisc_benzisc,52.0,seesaw,tetrahedral,2.0,6.0,-1705.3050411439829,-1705.3344811728427,-18.473618109575227
780,fe,3.0,scn_methylamine_methylamine_methylamine,25.0,square planar,tetrahedral,2.0,6.0,-901.5043820280046,-901.5306139628004,-16.460539084482093
781,fe,3.0,scn_thiopyridine_thiopyridine_thiopyridine,40.0,tetrahedral,tetrahedral,2.0,6.0,-2553.4172902569085,-2553.4479163046126,-19.217844934333925
782,fe,3.0,scn_scn_acetonitrile_acetonitrile,19.0,square planar,tetrahedral,2.0,6.0,-1370.8200744237993,-1370.8414946210803,-13.441173793989948
783,fe,3.0,scn_scn_benzisc_benzisc,39.0,tetrahedral,tetrahedral,2.0,6.0,-1832.8689194597275,-1832.8929794976168,-15.097673775526346
784,fe,3.0,scn_scn_cyanopyridine_cyanopyridine,31.0,tetrahedral,tetrahedral,2.0,6.0,-1786.2878236967474,-1786.3751225793856,-54.7800488554401
785,fe,3.0,scn_scn_methylamine_methylamine,21.0,edge,tetrahedral,2.0,6.0,-1297.0430265606103,-1297.063991406656,-13.155440893659147
786,fe,3.0,scn_scn_thiopyridine_thiopyridine,31.0,tetrahedral,tetrahedral,2.0,6.0,-2398.2780350100384,-2398.305113256672,-16.99159976262422
787,fe,3.0,scn_scn_scn_acetonitrile,16.0,seesaw,tetrahedral,2.0,6.0,-1729.3207399064402,-1729.3543180900713,-21.070310228519705
788,fe,3.0,scn_scn_scn_benzisc,26.0,tetrahedral,tetrahedral,2.0,6.0,-1960.351217161415,-1960.3742131245936,-14.429966894697372
789,fe,3.0,scn_scn_scn_cyanopyridine,22.0,tetrahedral,tetrahedral,2.0,6.0,-1937.037533017072,-1937.1322531077024,-59.43685687064942
790,fe,3.0,scn_scn_scn_methylamine,17.0,tetrahedral,tetrahedral,2.0,6.0,-1692.4424328756277,-1692.4722433121865,-18.70604894065877
791,fe,3.0,scn_scn_scn_thiopyridine,22.0,tetrahedral,tetrahedral,2.0,6.0,-2242.9423146539007,-2243.083106247499,-88.34672498296527
793,mn,2.0,furan_pph3_pph3_pph3,112.0,tetrahedral,tetrahedral,2.0,6.0,-3442.3893282002896,-3442.474299121802,-53.31925324890221
794,mn,2.0,furan_thiopyridine_thiopyridine_thiopyridine,46.0,tetrahedral,tetrahedral,2.0,6.0,-2272.7934061309143,-2273.00548960226,-133.08237826902996
796,mn,2.0,furan_furan_pph3_pph3,87.0,tetrahedral,tetrahedral,2.0,6.0,-2635.886745040836,-2636.1715173912607,-178.69464989175071
797,mn,2.0,furan_furan_furan_hydroxyl,30.0,tetrahedral,tetrahedral,2.0,6.0,-869.5870066339191,-869.6741167780108,-54.661615417503526
798,mn,2.0,furan_furan_furan_pph3,62.0,tetrahedral,tetrahedral,2.0,6.0,-1829.6959917373808,-1829.8549682495384,-99.75776137886328
799,mn,2.0,pph3_hydroxyl_hydroxyl_hydroxyl,41.0,tetrahedral,tetrahedral,2.0,6.0,-1367.6763341385026,-1367.8318264766797,-97.571442206102
800,mn,2.0,pph3_thiopyridine_thiopyridine_thiopyridine,71.0,tetrahedral,tetrahedral,2.0,6.0,-3079.033887764501,-3079.313789209394,-175.63815667055337
801,mn,2.0,pph3_pph3_hydroxyl_hydroxyl,73.0,tetrahedral,tetrahedral,2.0,6.0,-2327.875869655788,-2328.2661210382626,-244.88274250282188
802,mn,2.0,pph3_pph3_thiopyridine_thiopyridine,93.0,tetrahedral,tetrahedral,2.0,6.0,-3469.0622649702,-3469.1387639100485,-48.003084754955125
803,mn,2.0,pph3_pph3_pph3_hydroxyl,105.0,tetrahedral,tetrahedral,2.0,6.0,-3288.240558557971,-3288.5748032787224,-209.73856227155693
804,mn,2.0,pph3_pph3_pph3_thiopyridine,115.0,tetrahedral,tetrahedral,2.0,6.0,-3858.875065849082,-3858.9567735388814,-51.27157534960588
805,mn,2.0,thiopyridine_hydroxyl_hydroxyl_hydroxyl,19.0,tetrahedral,tetrahedral,2.0,6.0,-977.9234857335844,-977.9852557358092,-38.7606763959667
806,mn,2.0,thiopyridine_thiopyridine_hydroxyl_hydroxyl,29.0,square planar,seesaw,2.0,6.0,-1548.5655512637004,-1548.6237383348755,-36.51238716237401
807,mn,2.0,thiopyridine_thiopyridine_thiopyridine_hydroxyl,39.0,tetrahedral,tetrahedral,2.0,6.0,-2118.925974857862,-2119.1118056305686,-116.60880987338828
808,mn,3.0,cyanopyridine_thiopyridine_thiopyridine_thiopyridine,49.0,tetrahedral,tetrahedral,1.0,5.0,-2382.976095369733,-2383.0429829476043,-41.97195511437371
809,mn,3.0,cyanopyridine_cyanopyridine_thiopyridine_thiopyridine,49.0,tetrahedral,tetrahedral,1.0,5.0,-2076.9955792505907,-2077.064078990359,-42.983586704679055
810,ni,2.0,acetonitrile_thiopyridine_thiopyridine_thiopyridine,43.0,square planar,tetrahedral,1.0,3.0,-2241.10057918984,-2241.097561384729,1.8936727069205967
811,ni,2.0,acetonitrile_acetonitrile_thiopyridine_thiopyridine,37.0,square planar,tetrahedral,1.0,3.0,-1727.3653631297195,-1727.3627556219712,1.6362111120457712
812,ni,2.0,acetonitrile_acetonitrile_acetonitrile_thiopyridine,31.0,square planar,tetrahedral,1.0,3.0,-1213.62833630111,-1213.6311407786452,-1.759809653315756
