,metal,ox,ligstr,complex.size,spin,geom
0,co,2.0,acac_acac_acac_acac,29.0,4.0,tetrahedral
1,co,2.0,aceticacidbipyridine_aceticacidbipyridine_aceticacidbipyridine_aceticacidbipyridine,65.0,4.0,tetrahedral
2,co,2.0,acetonitrile_acetonitrile_acetonitrile_acetonitrile,25.0,4.0,tetrahedral
3,co,2.0,ammonia_ammonia_ammonia_ammonia,17.0,4.0,tetrahedral
4,co,2.0,bipy_bipy_bipy_bipy,41.0,4.0,tetrahedral
6,co,2.0,chloride_chloride_chloride_chloride,5.0,4.0,tetrahedral
7,co,2.0,cn_cn_cn_cn,9.0,4.0,tetrahedral
8,co,2.0,cyanate_cyanate_cyanate_cyanate,13.0,4.0,tetrahedral
9,co,2.0,cyanopyridine_cyanopyridine_cyanopyridine_cyanopyridine,49.0,4.0,tetrahedral
11,co,2.0,fluoride_fluoride_fluoride_fluoride,5.0,4.0,tetrahedral
12,co,2.0,formaldehyde_formaldehyde_formaldehyde_formaldehyde,17.0,4.0,tetrahedral
13,co,2.0,furan_furan_furan_furan,37.0,4.0,tetrahedral
14,co,2.0,hydrogensulfide_hydrogensulfide_hydrogensulfide_hydrogensulfide,13.0,4.0,tetrahedral
15,co,2.0,hydroxyl_hydroxyl_hydroxyl_hydroxyl,9.0,4.0,tetrahedral
16,co,2.0,iodide_iodide_iodide_iodide,5.0,4.0,tetrahedral
17,co,2.0,mebipy_mebipy_mebipy_mebipy,53.0,4.0,tetrahedral
18,co,2.0,mec_mec_mec_mec,31.0,4.0,tetrahedral
19,co,2.0,methylamine_methylamine_methylamine_methylamine,29.0,4.0,tetrahedral
20,co,2.0,misc_misc_misc_misc,25.0,4.0,tetrahedral
21,co,2.0,ncs_ncs_ncs_ncs,13.0,4.0,tetrahedral
22,co,2.0,ox_ox_ox_ox,13.0,4.0,tetrahedral
23,co,2.0,phen_phen_phen_phen,45.0,4.0,tetrahedral
24,co,2.0,phenisc_phenisc_phenisc_phenisc,53.0,4.0,tetrahedral
25,co,2.0,phosphine_phosphine_phosphine_phosphine,17.0,4.0,tetrahedral
26,co,2.0,pisc_pisc_pisc_pisc,101.0,4.0,tetrahedral
27,co,2.0,pyridine_pyridine_pyridine_pyridine,45.0,4.0,tetrahedral
28,co,2.0,scn_scn_scn_scn,13.0,4.0,tetrahedral
29,co,2.0,tbuc_tbuc_tbuc_tbuc,49.0,4.0,tetrahedral
30,co,2.0,thiopyridine_thiopyridine_thiopyridine_thiopyridine,49.0,4.0,tetrahedral
31,co,2.0,water_water_water_water,13.0,4.0,tetrahedral
32,co,3.0,acac_acac_acac_acac,29.0,5.0,tetrahedral
33,co,3.0,aceticacidbipyridine_aceticacidbipyridine_aceticacidbipyridine_aceticacidbipyridine,65.0,5.0,tetrahedral
34,co,3.0,acetonitrile_acetonitrile_acetonitrile_acetonitrile,25.0,5.0,tetrahedral
35,co,3.0,ammonia_ammonia_ammonia_ammonia,17.0,5.0,tetrahedral
36,co,3.0,benzisc_benzisc_benzisc_benzisc,65.0,5.0,tetrahedral
37,co,3.0,bipy_bipy_bipy_bipy,41.0,5.0,tetrahedral
38,co,3.0,carbonyl_carbonyl_carbonyl_carbonyl,9.0,5.0,tetrahedral
39,co,3.0,chloride_chloride_chloride_chloride,5.0,5.0,tetrahedral
40,co,3.0,cn_cn_cn_cn,9.0,5.0,tetrahedral
41,co,3.0,cyanopyridine_cyanopyridine_cyanopyridine_cyanopyridine,49.0,5.0,tetrahedral
42,co,3.0,en_en_en_en,25.0,5.0,tetrahedral
43,co,3.0,fluoride_fluoride_fluoride_fluoride,5.0,5.0,tetrahedral
44,co,3.0,formaldehyde_formaldehyde_formaldehyde_formaldehyde,17.0,5.0,tetrahedral
45,co,3.0,furan_furan_furan_furan,37.0,5.0,tetrahedral
46,co,3.0,hydroxyl_hydroxyl_hydroxyl_hydroxyl,9.0,5.0,tetrahedral
47,co,3.0,iodide_iodide_iodide_iodide,5.0,5.0,tetrahedral
48,co,3.0,mebipy_mebipy_mebipy_mebipy,53.0,5.0,tetrahedral
49,co,3.0,mec_mec_mec_mec,31.0,5.0,tetrahedral
50,co,3.0,methylamine_methylamine_methylamine_methylamine,29.0,5.0,tetrahedral
51,co,3.0,misc_misc_misc_misc,25.0,5.0,tetrahedral
52,co,3.0,ncs_ncs_ncs_ncs,13.0,5.0,tetrahedral
53,co,3.0,ox_ox_ox_ox,13.0,5.0,tetrahedral
54,co,3.0,phen_phen_phen_phen,45.0,5.0,tetrahedral
55,co,3.0,phenisc_phenisc_phenisc_phenisc,53.0,5.0,tetrahedral
56,co,3.0,phosphine_phosphine_phosphine_phosphine,17.0,5.0,tetrahedral
57,co,3.0,pisc_pisc_pisc_pisc,101.0,5.0,tetrahedral
58,co,3.0,pyridine_pyridine_pyridine_pyridine,45.0,5.0,tetrahedral
59,co,3.0,scn_scn_scn_scn,13.0,5.0,tetrahedral
60,co,3.0,tbuc_tbuc_tbuc_tbuc,49.0,5.0,tetrahedral
61,co,3.0,thiopyridine_thiopyridine_thiopyridine_thiopyridine,49.0,5.0,tetrahedral
62,co,3.0,water_water_water_water,13.0,5.0,tetrahedral
70,cr,2.0,chloride_chloride_chloride_chloride,5.0,5.0,tetrahedral
74,cr,2.0,fluoride_fluoride_fluoride_fluoride,5.0,5.0,tetrahedral
78,cr,2.0,hydroxyl_hydroxyl_hydroxyl_hydroxyl,9.0,5.0,tetrahedral
79,cr,2.0,iodide_iodide_iodide_iodide,5.0,5.0,tetrahedral
91,cr,2.0,s2-_s2-_s2-_s2-,5.0,5.0,tetrahedral
95,cr,3.0,acac_acac_acac_acac,29.0,4.0,tetrahedral
101,cr,3.0,chloride_chloride_chloride_chloride,5.0,4.0,tetrahedral
103,cr,3.0,cyanopyridine_cyanopyridine_cyanopyridine_cyanopyridine,49.0,4.0,tetrahedral
105,cr,3.0,fluoride_fluoride_fluoride_fluoride,5.0,4.0,tetrahedral
106,cr,3.0,formaldehyde_formaldehyde_formaldehyde_formaldehyde,17.0,4.0,tetrahedral
108,cr,3.0,hydrogensulfide_hydrogensulfide_hydrogensulfide_hydrogensulfide,13.0,4.0,tetrahedral
109,cr,3.0,hydroxyl_hydroxyl_hydroxyl_hydroxyl,9.0,4.0,tetrahedral
110,cr,3.0,iodide_iodide_iodide_iodide,5.0,4.0,tetrahedral
112,cr,3.0,mec_mec_mec_mec,31.0,4.0,tetrahedral
114,cr,3.0,ncs_ncs_ncs_ncs,13.0,4.0,tetrahedral
115,cr,3.0,ox_ox_ox_ox,13.0,4.0,tetrahedral
120,cr,3.0,pyridine_pyridine_pyridine_pyridine,45.0,4.0,tetrahedral
121,cr,3.0,s2-_s2-_s2-_s2-,5.0,4.0,tetrahedral
122,cr,3.0,scn_scn_scn_scn,13.0,4.0,tetrahedral
123,cr,3.0,tbuc_tbuc_tbuc_tbuc,49.0,4.0,tetrahedral
124,cr,3.0,thiopyridine_thiopyridine_thiopyridine_thiopyridine,49.0,4.0,tetrahedral
126,fe,2.0,acac_acac_acac_acac,29.0,5.0,tetrahedral
127,fe,2.0,aceticacidbipyridine_aceticacidbipyridine_aceticacidbipyridine_aceticacidbipyridine,65.0,5.0,tetrahedral
128,fe,2.0,acetonitrile_acetonitrile_acetonitrile_acetonitrile,25.0,5.0,tetrahedral
129,fe,2.0,ammonia_ammonia_ammonia_ammonia,17.0,5.0,tetrahedral
130,fe,2.0,benzisc_benzisc_benzisc_benzisc,65.0,5.0,tetrahedral
131,fe,2.0,bipy_bipy_bipy_bipy,41.0,5.0,tetrahedral
132,fe,2.0,carbonyl_carbonyl_carbonyl_carbonyl,9.0,5.0,tetrahedral
133,fe,2.0,chloride_chloride_chloride_chloride,5.0,5.0,tetrahedral
134,fe,2.0,cn_cn_cn_cn,9.0,5.0,tetrahedral
135,fe,2.0,cyanate_cyanate_cyanate_cyanate,13.0,5.0,tetrahedral
136,fe,2.0,cyanopyridine_cyanopyridine_cyanopyridine_cyanopyridine,49.0,5.0,tetrahedral
137,fe,2.0,en_en_en_en,25.0,5.0,tetrahedral
138,fe,2.0,fluoride_fluoride_fluoride_fluoride,5.0,5.0,tetrahedral
139,fe,2.0,formaldehyde_formaldehyde_formaldehyde_formaldehyde,17.0,5.0,tetrahedral
140,fe,2.0,furan_furan_furan_furan,37.0,5.0,tetrahedral
141,fe,2.0,hydrogensulfide_hydrogensulfide_hydrogensulfide_hydrogensulfide,13.0,5.0,tetrahedral
142,fe,2.0,hydroxyl_hydroxyl_hydroxyl_hydroxyl,9.0,5.0,tetrahedral
143,fe,2.0,iodide_iodide_iodide_iodide,5.0,5.0,tetrahedral
144,fe,2.0,mebipy_mebipy_mebipy_mebipy,53.0,5.0,tetrahedral
145,fe,2.0,mec_mec_mec_mec,31.0,5.0,tetrahedral
146,fe,2.0,methylamine_methylamine_methylamine_methylamine,29.0,5.0,tetrahedral
147,fe,2.0,misc_misc_misc_misc,25.0,5.0,tetrahedral
148,fe,2.0,ncs_ncs_ncs_ncs,13.0,5.0,tetrahedral
149,fe,2.0,ox_ox_ox_ox,13.0,5.0,tetrahedral
150,fe,2.0,phen_phen_phen_phen,45.0,5.0,tetrahedral
151,fe,2.0,phenisc_phenisc_phenisc_phenisc,53.0,5.0,tetrahedral
152,fe,2.0,phosphine_phosphine_phosphine_phosphine,17.0,5.0,tetrahedral
153,fe,2.0,pisc_pisc_pisc_pisc,101.0,5.0,tetrahedral
154,fe,2.0,pyridine_pyridine_pyridine_pyridine,45.0,5.0,tetrahedral
155,fe,2.0,scn_scn_scn_scn,13.0,5.0,tetrahedral
156,fe,2.0,tbuc_tbuc_tbuc_tbuc,49.0,5.0,tetrahedral
157,fe,2.0,thiopyridine_thiopyridine_thiopyridine_thiopyridine,49.0,5.0,tetrahedral
158,fe,2.0,water_water_water_water,13.0,5.0,tetrahedral
159,fe,3.0,acac_acac_acac_acac,29.0,6.0,tetrahedral
160,fe,3.0,aceticacidbipyridine_aceticacidbipyridine_aceticacidbipyridine_aceticacidbipyridine,65.0,6.0,tetrahedral
161,fe,3.0,acetonitrile_acetonitrile_acetonitrile_acetonitrile,25.0,6.0,tetrahedral
162,fe,3.0,ammonia_ammonia_ammonia_ammonia,17.0,6.0,tetrahedral
163,fe,3.0,benzisc_benzisc_benzisc_benzisc,65.0,6.0,tetrahedral
164,fe,3.0,bipy_bipy_bipy_bipy,41.0,6.0,tetrahedral
165,fe,3.0,carbonyl_carbonyl_carbonyl_carbonyl,9.0,6.0,tetrahedral
166,fe,3.0,chloride_chloride_chloride_chloride,5.0,6.0,tetrahedral
167,fe,3.0,cn_cn_cn_cn,9.0,6.0,tetrahedral
168,fe,3.0,cyanopyridine_cyanopyridine_cyanopyridine_cyanopyridine,49.0,6.0,tetrahedral
169,fe,3.0,en_en_en_en,25.0,6.0,tetrahedral
170,fe,3.0,fluoride_fluoride_fluoride_fluoride,5.0,6.0,tetrahedral
171,fe,3.0,formaldehyde_formaldehyde_formaldehyde_formaldehyde,17.0,6.0,tetrahedral
172,fe,3.0,furan_furan_furan_furan,37.0,6.0,tetrahedral
173,fe,3.0,hydroxyl_hydroxyl_hydroxyl_hydroxyl,9.0,6.0,tetrahedral
174,fe,3.0,iodide_iodide_iodide_iodide,5.0,6.0,tetrahedral
175,fe,3.0,mebipy_mebipy_mebipy_mebipy,53.0,6.0,tetrahedral
176,fe,3.0,mec_mec_mec_mec,31.0,6.0,tetrahedral
177,fe,3.0,methylamine_methylamine_methylamine_methylamine,29.0,6.0,tetrahedral
178,fe,3.0,misc_misc_misc_misc,25.0,6.0,tetrahedral
179,fe,3.0,ncs_ncs_ncs_ncs,13.0,6.0,tetrahedral
180,fe,3.0,ox_ox_ox_ox,13.0,6.0,tetrahedral
181,fe,3.0,phenisc_phenisc_phenisc_phenisc,53.0,6.0,tetrahedral
182,fe,3.0,phosphine_phosphine_phosphine_phosphine,17.0,6.0,tetrahedral
183,fe,3.0,pisc_pisc_pisc_pisc,101.0,6.0,tetrahedral
184,fe,3.0,pyridine_pyridine_pyridine_pyridine,45.0,6.0,tetrahedral
185,fe,3.0,s2-_s2-_s2-_s2-,5.0,6.0,tetrahedral
186,fe,3.0,scn_scn_scn_scn,13.0,6.0,tetrahedral
187,fe,3.0,tbuc_tbuc_tbuc_tbuc,49.0,6.0,tetrahedral
188,fe,3.0,thiopyridine_thiopyridine_thiopyridine_thiopyridine,49.0,6.0,tetrahedral
189,fe,3.0,water_water_water_water,13.0,6.0,tetrahedral
190,mn,2.0,acac_acac_acac_acac,29.0,6.0,tetrahedral
191,mn,2.0,aceticacidbipyridine_aceticacidbipyridine_aceticacidbipyridine_aceticacidbipyridine,65.0,6.0,tetrahedral
192,mn,2.0,acetonitrile_acetonitrile_acetonitrile_acetonitrile,25.0,6.0,tetrahedral
193,mn,2.0,ammonia_ammonia_ammonia_ammonia,17.0,6.0,tetrahedral
194,mn,2.0,benzisc_benzisc_benzisc_benzisc,65.0,6.0,tetrahedral
195,mn,2.0,bipy_bipy_bipy_bipy,41.0,6.0,tetrahedral
196,mn,2.0,carbonyl_carbonyl_carbonyl_carbonyl,9.0,6.0,tetrahedral
197,mn,2.0,chloride_chloride_chloride_chloride,5.0,6.0,tetrahedral
198,mn,2.0,cn_cn_cn_cn,9.0,6.0,tetrahedral
199,mn,2.0,cyanopyridine_cyanopyridine_cyanopyridine_cyanopyridine,49.0,6.0,tetrahedral
200,mn,2.0,en_en_en_en,25.0,6.0,tetrahedral
201,mn,2.0,fluoride_fluoride_fluoride_fluoride,5.0,6.0,tetrahedral
202,mn,2.0,formaldehyde_formaldehyde_formaldehyde_formaldehyde,17.0,6.0,tetrahedral
203,mn,2.0,furan_furan_furan_furan,37.0,6.0,tetrahedral
204,mn,2.0,hydrogensulfide_hydrogensulfide_hydrogensulfide_hydrogensulfide,13.0,6.0,tetrahedral
205,mn,2.0,hydroxyl_hydroxyl_hydroxyl_hydroxyl,9.0,6.0,tetrahedral
206,mn,2.0,iodide_iodide_iodide_iodide,5.0,6.0,tetrahedral
207,mn,2.0,mebipy_mebipy_mebipy_mebipy,53.0,6.0,tetrahedral
208,mn,2.0,mec_mec_mec_mec,31.0,6.0,tetrahedral
209,mn,2.0,methylamine_methylamine_methylamine_methylamine,29.0,6.0,tetrahedral
210,mn,2.0,misc_misc_misc_misc,25.0,6.0,tetrahedral
211,mn,2.0,ncs_ncs_ncs_ncs,13.0,6.0,tetrahedral
212,mn,2.0,ox_ox_ox_ox,13.0,6.0,tetrahedral
213,mn,2.0,phen_phen_phen_phen,45.0,6.0,tetrahedral
214,mn,2.0,phenisc_phenisc_phenisc_phenisc,53.0,6.0,tetrahedral
215,mn,2.0,phosphine_phosphine_phosphine_phosphine,17.0,6.0,tetrahedral
216,mn,2.0,pisc_pisc_pisc_pisc,101.0,6.0,tetrahedral
217,mn,2.0,pph3_pph3_pph3_pph3,137.0,6.0,tetrahedral
218,mn,2.0,pyridine_pyridine_pyridine_pyridine,45.0,6.0,tetrahedral
219,mn,2.0,scn_scn_scn_scn,13.0,6.0,tetrahedral
220,mn,2.0,tbuc_tbuc_tbuc_tbuc,49.0,6.0,tetrahedral
221,mn,2.0,thiopyridine_thiopyridine_thiopyridine_thiopyridine,49.0,6.0,tetrahedral
222,mn,2.0,water_water_water_water,13.0,6.0,tetrahedral
224,mn,3.0,aceticacidbipyridine_aceticacidbipyridine_aceticacidbipyridine_aceticacidbipyridine,65.0,5.0,tetrahedral
228,mn,3.0,bipy_bipy_bipy_bipy,41.0,5.0,tetrahedral
230,mn,3.0,chloride_chloride_chloride_chloride,5.0,5.0,tetrahedral
232,mn,3.0,cyanopyridine_cyanopyridine_cyanopyridine_cyanopyridine,49.0,5.0,tetrahedral
235,mn,3.0,formaldehyde_formaldehyde_formaldehyde_formaldehyde,17.0,5.0,tetrahedral
236,mn,3.0,furan_furan_furan_furan,37.0,5.0,tetrahedral
239,mn,3.0,iodide_iodide_iodide_iodide,5.0,5.0,tetrahedral
240,mn,3.0,mebipy_mebipy_mebipy_mebipy,53.0,5.0,tetrahedral
246,mn,3.0,phen_phen_phen_phen,45.0,5.0,tetrahedral
247,mn,3.0,phenisc_phenisc_phenisc_phenisc,53.0,5.0,tetrahedral
249,mn,3.0,pisc_pisc_pisc_pisc,101.0,5.0,tetrahedral
250,mn,3.0,pyridine_pyridine_pyridine_pyridine,45.0,5.0,tetrahedral
253,mn,3.0,thiopyridine_thiopyridine_thiopyridine_thiopyridine,49.0,5.0,tetrahedral
255,ni,2.0,acac_acac_acac_acac,29.0,3.0,tetrahedral
257,ni,2.0,acetonitrile_acetonitrile_acetonitrile_acetonitrile,25.0,3.0,tetrahedral
258,ni,2.0,ammonia_ammonia_ammonia_ammonia,17.0,3.0,tetrahedral
259,ni,2.0,benzisc_benzisc_benzisc_benzisc,65.0,3.0,tetrahedral
261,ni,2.0,carbonyl_carbonyl_carbonyl_carbonyl,9.0,3.0,tetrahedral
262,ni,2.0,chloride_chloride_chloride_chloride,5.0,3.0,tetrahedral
263,ni,2.0,cn_cn_cn_cn,9.0,3.0,tetrahedral
264,ni,2.0,cyanate_cyanate_cyanate_cyanate,13.0,3.0,tetrahedral
266,ni,2.0,fluoride_fluoride_fluoride_fluoride,5.0,3.0,tetrahedral
267,ni,2.0,formaldehyde_formaldehyde_formaldehyde_formaldehyde,17.0,3.0,tetrahedral
268,ni,2.0,furan_furan_furan_furan,37.0,3.0,tetrahedral
271,ni,2.0,iodide_iodide_iodide_iodide,5.0,3.0,tetrahedral
273,ni,2.0,mec_mec_mec_mec,31.0,3.0,tetrahedral
274,ni,2.0,methylamine_methylamine_methylamine_methylamine,29.0,3.0,tetrahedral
276,ni,2.0,ncs_ncs_ncs_ncs,13.0,3.0,tetrahedral
277,ni,2.0,ox_ox_ox_ox,13.0,3.0,tetrahedral
279,ni,2.0,phenisc_phenisc_phenisc_phenisc,53.0,3.0,tetrahedral
280,ni,2.0,phosphine_phosphine_phosphine_phosphine,17.0,3.0,tetrahedral
281,ni,2.0,pisc_pisc_pisc_pisc,101.0,3.0,tetrahedral
282,ni,2.0,pyridine_pyridine_pyridine_pyridine,45.0,3.0,tetrahedral
283,ni,2.0,scn_scn_scn_scn,13.0,3.0,tetrahedral
284,ni,2.0,tbuc_tbuc_tbuc_tbuc,49.0,3.0,tetrahedral
285,ni,2.0,thiopyridine_thiopyridine_thiopyridine_thiopyridine,49.0,3.0,tetrahedral
289,co,2.0,acetonitrile_acetonitrile_chloride_chloride,15.0,4.0,tetrahedral
291,co,2.0,acetonitrile_acetonitrile_acetonitrile_chloride,20.0,4.0,tetrahedral
292,co,2.0,acetonitrile_acetonitrile_acetonitrile_fluoride,20.0,4.0,tetrahedral
293,co,2.0,ammonia_fluoride_fluoride_fluoride,8.0,4.0,tetrahedral
295,co,2.0,ammonia_ammonia_ammonia_chloride,14.0,4.0,tetrahedral
296,co,2.0,ammonia_ammonia_ammonia_fluoride,14.0,4.0,tetrahedral
297,co,2.0,cn_chloride_chloride_chloride,6.0,4.0,tetrahedral
298,co,2.0,cn_fluoride_fluoride_fluoride,6.0,4.0,tetrahedral
299,co,2.0,cn_cn_fluoride_fluoride,7.0,4.0,tetrahedral
300,co,2.0,cn_cn_cn_fluoride,8.0,4.0,tetrahedral
301,co,2.0,fluoride_chloride_chloride_chloride,5.0,4.0,tetrahedral
302,co,2.0,fluoride_iodide_iodide_iodide,5.0,4.0,tetrahedral
303,co,2.0,fluoride_fluoride_chloride_chloride,5.0,4.0,tetrahedral
304,co,2.0,fluoride_fluoride_iodide_iodide,5.0,4.0,tetrahedral
305,co,2.0,formaldehyde_chloride_chloride_chloride,8.0,4.0,tetrahedral
306,co,2.0,formaldehyde_formaldehyde_chloride_chloride,11.0,4.0,tetrahedral
307,co,2.0,formaldehyde_formaldehyde_fluoride_fluoride,11.0,4.0,tetrahedral
308,co,2.0,formaldehyde_formaldehyde_formaldehyde_chloride,14.0,4.0,tetrahedral
309,co,2.0,formaldehyde_formaldehyde_formaldehyde_fluoride,14.0,4.0,tetrahedral
310,co,2.0,scn_chloride_chloride_chloride,7.0,4.0,tetrahedral
311,co,2.0,scn_scn_chloride_chloride,9.0,4.0,tetrahedral
312,co,2.0,scn_scn_scn_chloride,11.0,4.0,tetrahedral
313,co,2.0,scn_scn_scn_fluoride,11.0,4.0,tetrahedral
314,co,3.0,benzisc_chloride_chloride_chloride,20.0,5.0,tetrahedral
315,co,3.0,formaldehyde_chloride_chloride_chloride,8.0,5.0,tetrahedral
316,co,3.0,formaldehyde_formaldehyde_formaldehyde_chloride,14.0,5.0,tetrahedral
317,co,3.0,methylamine_methylamine_methylamine_chloride,23.0,5.0,tetrahedral
318,co,3.0,ncs_chloride_chloride_chloride,7.0,5.0,tetrahedral
319,co,3.0,ncs_ncs_chloride_chloride,9.0,5.0,tetrahedral
320,co,3.0,ncs_ncs_ncs_chloride,11.0,5.0,tetrahedral
321,co,3.0,scn_scn_chloride_chloride,9.0,5.0,tetrahedral
322,co,3.0,scn_scn_scn_chloride,11.0,5.0,tetrahedral
323,co,3.0,thiopyridine_chloride_chloride_chloride,16.0,5.0,tetrahedral
324,cr,2.0,chloride_chloride_chloride_hydroxyl,6.0,5.0,tetrahedral
325,cr,2.0,fluoride_chloride_chloride_chloride,5.0,5.0,tetrahedral
326,cr,2.0,fluoride_hydroxyl_hydroxyl_hydroxyl,8.0,5.0,tetrahedral
327,cr,2.0,fluoride_iodide_iodide_iodide,5.0,5.0,tetrahedral
328,cr,2.0,fluoride_s2-_s2-_s2-,5.0,5.0,tetrahedral
329,cr,2.0,fluoride_fluoride_hydroxyl_hydroxyl,7.0,5.0,tetrahedral
331,cr,2.0,fluoride_fluoride_s2-_s2-,5.0,5.0,tetrahedral
332,cr,2.0,fluoride_fluoride_fluoride_hydroxyl,6.0,5.0,tetrahedral
333,cr,2.0,fluoride_fluoride_fluoride_s2-,5.0,5.0,tetrahedral
334,cr,3.0,chloride_chloride_hydroxyl_hydroxyl,7.0,4.0,tetrahedral
335,cr,3.0,chloride_chloride_chloride_hydroxyl,6.0,4.0,tetrahedral
336,cr,3.0,cyanopyridine_chloride_chloride_chloride,16.0,4.0,tetrahedral
338,cr,3.0,cyanopyridine_cyanopyridine_chloride_chloride,27.0,4.0,tetrahedral
339,cr,3.0,cyanopyridine_cyanopyridine_cyanopyridine_chloride,38.0,4.0,tetrahedral
340,cr,3.0,cyanopyridine_cyanopyridine_cyanopyridine_fluoride,38.0,4.0,tetrahedral
341,cr,3.0,fluoride_chloride_chloride_chloride,5.0,4.0,tetrahedral
343,cr,3.0,fluoride_hydroxyl_hydroxyl_hydroxyl,8.0,4.0,tetrahedral
344,cr,3.0,fluoride_iodide_iodide_iodide,5.0,4.0,tetrahedral
345,cr,3.0,fluoride_fluoride_chloride_chloride,5.0,4.0,tetrahedral
346,cr,3.0,fluoride_fluoride_hydroxyl_hydroxyl,7.0,4.0,tetrahedral
347,cr,3.0,fluoride_fluoride_iodide_iodide,5.0,4.0,tetrahedral
348,cr,3.0,fluoride_fluoride_fluoride_chloride,5.0,4.0,tetrahedral
349,cr,3.0,fluoride_fluoride_fluoride_hydroxyl,6.0,4.0,tetrahedral
350,cr,3.0,fluoride_fluoride_fluoride_iodide,5.0,4.0,tetrahedral
353,cr,3.0,ncs_chloride_chloride_chloride,7.0,4.0,tetrahedral
354,cr,3.0,ncs_fluoride_fluoride_fluoride,7.0,4.0,tetrahedral
355,cr,3.0,ncs_ncs_chloride_chloride,9.0,4.0,tetrahedral
356,cr,3.0,ncs_ncs_fluoride_fluoride,9.0,4.0,tetrahedral
357,cr,3.0,ncs_ncs_ncs_chloride,11.0,4.0,tetrahedral
358,cr,3.0,ncs_ncs_ncs_fluoride,11.0,4.0,tetrahedral
359,cr,3.0,pyridine_chloride_chloride_chloride,15.0,4.0,tetrahedral
361,cr,3.0,pyridine_pyridine_chloride_chloride,25.0,4.0,tetrahedral
365,cr,3.0,scn_chloride_chloride_chloride,7.0,4.0,tetrahedral
366,cr,3.0,scn_scn_chloride_chloride,9.0,4.0,tetrahedral
367,cr,3.0,scn_scn_fluoride_fluoride,9.0,4.0,tetrahedral
368,cr,3.0,scn_scn_scn_chloride,11.0,4.0,tetrahedral
369,cr,3.0,scn_scn_scn_fluoride,11.0,4.0,tetrahedral
370,cr,3.0,thiopyridine_chloride_chloride_chloride,16.0,4.0,tetrahedral
371,cr,3.0,thiopyridine_fluoride_fluoride_fluoride,16.0,4.0,tetrahedral
372,cr,3.0,thiopyridine_thiopyridine_chloride_chloride,27.0,4.0,tetrahedral
374,cr,3.0,thiopyridine_thiopyridine_thiopyridine_chloride,38.0,4.0,tetrahedral
375,cr,3.0,thiopyridine_thiopyridine_thiopyridine_fluoride,38.0,4.0,tetrahedral
376,fe,2.0,cyanate_chloride_chloride_chloride,7.0,5.0,tetrahedral
377,fe,2.0,cyanate_cyanate_chloride_chloride,9.0,5.0,tetrahedral
378,fe,2.0,cyanate_cyanate_fluoride_fluoride,9.0,5.0,tetrahedral
379,fe,2.0,cyanate_cyanate_water_water,13.0,5.0,tetrahedral
380,fe,2.0,cyanate_cyanate_cyanate_chloride,11.0,5.0,tetrahedral
381,fe,2.0,fluoride_chloride_chloride_chloride,5.0,5.0,tetrahedral
382,fe,2.0,fluoride_hydrogensulfide_hydrogensulfide_hydrogensulfide,11.0,5.0,tetrahedral
383,fe,2.0,fluoride_iodide_iodide_iodide,5.0,5.0,tetrahedral
386,fe,2.0,fluoride_fluoride_iodide_iodide,5.0,5.0,tetrahedral
387,fe,2.0,formaldehyde_chloride_chloride_chloride,8.0,5.0,tetrahedral
388,fe,2.0,formaldehyde_fluoride_fluoride_fluoride,8.0,5.0,tetrahedral
389,fe,2.0,formaldehyde_water_water_water,14.0,5.0,tetrahedral
390,fe,2.0,formaldehyde_formaldehyde_chloride_chloride,11.0,5.0,tetrahedral
392,fe,2.0,formaldehyde_formaldehyde_water_water,15.0,5.0,tetrahedral
393,fe,2.0,formaldehyde_formaldehyde_formaldehyde_fluoride,14.0,5.0,tetrahedral
394,fe,2.0,formaldehyde_formaldehyde_formaldehyde_water,16.0,5.0,tetrahedral
395,fe,2.0,furan_water_water_water,19.0,5.0,tetrahedral
396,fe,2.0,furan_furan_chloride_chloride,21.0,5.0,tetrahedral
398,fe,2.0,furan_furan_water_water,25.0,5.0,tetrahedral
399,fe,2.0,furan_furan_furan_chloride,29.0,5.0,tetrahedral
400,fe,2.0,furan_furan_furan_water,31.0,5.0,tetrahedral
401,fe,2.0,ncs_chloride_chloride_chloride,7.0,5.0,tetrahedral
403,fe,2.0,ncs_ncs_chloride_chloride,9.0,5.0,tetrahedral
404,fe,2.0,ncs_ncs_fluoride_fluoride,9.0,5.0,tetrahedral
405,fe,2.0,ncs_ncs_water_water,13.0,5.0,tetrahedral
406,fe,2.0,ncs_ncs_ncs_chloride,11.0,5.0,tetrahedral
407,fe,2.0,ncs_ncs_ncs_fluoride,11.0,5.0,tetrahedral
408,fe,2.0,ncs_ncs_ncs_water,13.0,5.0,tetrahedral
409,fe,2.0,pyridine_chloride_chloride_chloride,15.0,5.0,tetrahedral
410,fe,2.0,pyridine_fluoride_fluoride_fluoride,15.0,5.0,tetrahedral
411,fe,2.0,pyridine_water_water_water,21.0,5.0,tetrahedral
412,fe,2.0,pyridine_pyridine_chloride_chloride,25.0,5.0,tetrahedral
414,fe,2.0,pyridine_pyridine_water_water,29.0,5.0,tetrahedral
415,fe,2.0,pyridine_pyridine_pyridine_chloride,35.0,5.0,tetrahedral
416,fe,2.0,pyridine_pyridine_pyridine_fluoride,35.0,5.0,tetrahedral
417,fe,2.0,pyridine_pyridine_pyridine_water,37.0,5.0,tetrahedral
419,fe,2.0,scn_water_water_water,13.0,5.0,tetrahedral
420,fe,2.0,scn_scn_chloride_chloride,9.0,5.0,tetrahedral
422,fe,2.0,scn_scn_water_water,13.0,5.0,tetrahedral
423,fe,2.0,scn_scn_scn_chloride,11.0,5.0,tetrahedral
424,fe,2.0,scn_scn_scn_fluoride,11.0,5.0,tetrahedral
425,fe,2.0,scn_scn_scn_water,13.0,5.0,tetrahedral
426,fe,2.0,water_chloride_chloride_chloride,7.0,5.0,tetrahedral
427,fe,2.0,water_hydrogensulfide_hydrogensulfide_hydrogensulfide,13.0,5.0,tetrahedral
428,fe,2.0,water_iodide_iodide_iodide,7.0,5.0,tetrahedral
429,fe,2.0,water_water_fluoride_fluoride,9.0,5.0,tetrahedral
430,fe,2.0,water_water_hydrogensulfide_hydrogensulfide,13.0,5.0,tetrahedral
431,fe,2.0,water_water_iodide_iodide,9.0,5.0,tetrahedral
432,fe,2.0,water_water_water_chloride,11.0,5.0,tetrahedral
433,fe,2.0,water_water_water_fluoride,11.0,5.0,tetrahedral
434,fe,2.0,water_water_water_hydrogensulfide,13.0,5.0,tetrahedral
435,fe,2.0,water_water_water_iodide,11.0,5.0,tetrahedral
436,fe,3.0,acetonitrile_chloride_chloride_chloride,10.0,6.0,tetrahedral
437,fe,3.0,acetonitrile_fluoride_fluoride_fluoride,10.0,6.0,tetrahedral
438,fe,3.0,acetonitrile_acetonitrile_fluoride_fluoride,15.0,6.0,tetrahedral
439,fe,3.0,acetonitrile_acetonitrile_acetonitrile_fluoride,20.0,6.0,tetrahedral
440,fe,3.0,ammonia_chloride_chloride_chloride,8.0,6.0,tetrahedral
441,fe,3.0,ammonia_fluoride_fluoride_fluoride,8.0,6.0,tetrahedral
442,fe,3.0,ammonia_ammonia_fluoride_fluoride,11.0,6.0,tetrahedral
443,fe,3.0,ammonia_ammonia_ammonia_fluoride,14.0,6.0,tetrahedral
444,fe,3.0,benzisc_fluoride_fluoride_fluoride,20.0,6.0,tetrahedral
445,fe,3.0,benzisc_benzisc_fluoride_fluoride,35.0,6.0,tetrahedral
446,fe,3.0,benzisc_benzisc_benzisc_fluoride,50.0,6.0,tetrahedral
447,fe,3.0,cyanopyridine_chloride_chloride_chloride,16.0,6.0,tetrahedral
448,fe,3.0,cyanopyridine_fluoride_fluoride_fluoride,16.0,6.0,tetrahedral
449,fe,3.0,cyanopyridine_cyanopyridine_cyanopyridine_chloride,38.0,6.0,tetrahedral
450,fe,3.0,cyanopyridine_cyanopyridine_cyanopyridine_fluoride,38.0,6.0,tetrahedral
451,fe,3.0,fluoride_chloride_chloride_chloride,5.0,6.0,tetrahedral
452,fe,3.0,fluoride_iodide_iodide_iodide,5.0,6.0,tetrahedral
453,fe,3.0,fluoride_fluoride_chloride_chloride,5.0,6.0,tetrahedral
454,fe,3.0,fluoride_fluoride_iodide_iodide,5.0,6.0,tetrahedral
455,fe,3.0,fluoride_fluoride_fluoride_chloride,5.0,6.0,tetrahedral
456,fe,3.0,fluoride_fluoride_fluoride_iodide,5.0,6.0,tetrahedral
457,fe,3.0,formaldehyde_fluoride_fluoride_fluoride,8.0,6.0,tetrahedral
458,fe,3.0,formaldehyde_formaldehyde_chloride_chloride,11.0,6.0,tetrahedral
459,fe,3.0,formaldehyde_formaldehyde_fluoride_fluoride,11.0,6.0,tetrahedral
460,fe,3.0,formaldehyde_formaldehyde_formaldehyde_chloride,14.0,6.0,tetrahedral
461,fe,3.0,formaldehyde_formaldehyde_formaldehyde_fluoride,14.0,6.0,tetrahedral
462,fe,3.0,methylamine_fluoride_fluoride_fluoride,11.0,6.0,tetrahedral
463,fe,3.0,methylamine_methylamine_fluoride_fluoride,17.0,6.0,tetrahedral
464,fe,3.0,methylamine_methylamine_methylamine_fluoride,23.0,6.0,tetrahedral
465,fe,3.0,ncs_chloride_chloride_chloride,7.0,6.0,tetrahedral
466,fe,3.0,ncs_fluoride_fluoride_fluoride,7.0,6.0,tetrahedral
467,fe,3.0,ncs_ncs_chloride_chloride,9.0,6.0,tetrahedral
468,fe,3.0,ncs_ncs_fluoride_fluoride,9.0,6.0,tetrahedral
469,fe,3.0,ncs_ncs_ncs_chloride,11.0,6.0,tetrahedral
470,fe,3.0,ncs_ncs_ncs_fluoride,11.0,6.0,tetrahedral
471,fe,3.0,pyridine_chloride_chloride_chloride,15.0,6.0,tetrahedral
472,fe,3.0,pyridine_fluoride_fluoride_fluoride,15.0,6.0,tetrahedral
473,fe,3.0,pyridine_pyridine_fluoride_fluoride,25.0,6.0,tetrahedral
474,fe,3.0,pyridine_pyridine_pyridine_chloride,35.0,6.0,tetrahedral
475,fe,3.0,pyridine_pyridine_pyridine_fluoride,35.0,6.0,tetrahedral
476,fe,3.0,scn_chloride_chloride_chloride,7.0,6.0,tetrahedral
477,fe,3.0,scn_fluoride_fluoride_fluoride,7.0,6.0,tetrahedral
478,fe,3.0,scn_scn_chloride_chloride,9.0,6.0,tetrahedral
479,fe,3.0,scn_scn_fluoride_fluoride,9.0,6.0,tetrahedral
480,fe,3.0,scn_scn_scn_chloride,11.0,6.0,tetrahedral
481,fe,3.0,scn_scn_scn_fluoride,11.0,6.0,tetrahedral
482,fe,3.0,thiopyridine_chloride_chloride_chloride,16.0,6.0,tetrahedral
483,fe,3.0,thiopyridine_fluoride_fluoride_fluoride,16.0,6.0,tetrahedral
484,fe,3.0,thiopyridine_thiopyridine_fluoride_fluoride,27.0,6.0,tetrahedral
485,fe,3.0,thiopyridine_thiopyridine_thiopyridine_chloride,38.0,6.0,tetrahedral
486,fe,3.0,thiopyridine_thiopyridine_thiopyridine_fluoride,38.0,6.0,tetrahedral
487,mn,2.0,chloride_chloride_chloride_hydroxyl,6.0,6.0,tetrahedral
488,mn,2.0,cyanate_chloride_chloride_chloride,7.0,6.0,tetrahedral
489,mn,2.0,cyanate_cyanate_chloride_chloride,9.0,6.0,tetrahedral
490,mn,2.0,cyanate_cyanate_cyanate_chloride,11.0,6.0,tetrahedral
491,mn,2.0,furan_chloride_chloride_chloride,13.0,6.0,tetrahedral
493,mn,2.0,furan_furan_furan_chloride,29.0,6.0,tetrahedral
494,mn,2.0,ncs_chloride_chloride_chloride,7.0,6.0,tetrahedral
495,mn,2.0,ncs_ncs_chloride_chloride,9.0,6.0,tetrahedral
496,mn,2.0,ncs_ncs_ncs_chloride,11.0,6.0,tetrahedral
497,mn,2.0,pph3_chloride_chloride_chloride,38.0,6.0,tetrahedral
498,mn,2.0,pph3_pph3_chloride_chloride,71.0,6.0,tetrahedral
499,mn,2.0,pph3_pph3_pph3_chloride,104.0,6.0,tetrahedral
500,mn,2.0,thiopyridine_chloride_chloride_chloride,16.0,6.0,tetrahedral
501,mn,2.0,thiopyridine_thiopyridine_chloride_chloride,27.0,6.0,tetrahedral
502,mn,2.0,thiopyridine_thiopyridine_thiopyridine_chloride,38.0,6.0,tetrahedral
506,mn,3.0,formaldehyde_chloride_chloride_chloride,8.0,5.0,tetrahedral
507,mn,3.0,formaldehyde_formaldehyde_chloride_chloride,11.0,5.0,tetrahedral
508,mn,3.0,pyridine_chloride_chloride_chloride,15.0,5.0,tetrahedral
511,mn,3.0,thiopyridine_chloride_chloride_chloride,16.0,5.0,tetrahedral
513,mn,3.0,thiopyridine_thiopyridine_thiopyridine_chloride,38.0,5.0,tetrahedral
515,ni,2.0,acetonitrile_acetonitrile_acetonitrile_fluoride,20.0,3.0,tetrahedral
516,ni,2.0,cyanate_fluoride_fluoride_fluoride,7.0,3.0,tetrahedral
517,ni,2.0,cyanate_cyanate_cyanate_fluoride,11.0,3.0,tetrahedral
518,ni,2.0,pyridine_fluoride_fluoride_fluoride,15.0,3.0,tetrahedral
520,ni,2.0,pyridine_pyridine_pyridine_fluoride,35.0,3.0,tetrahedral
521,ni,2.0,thiopyridine_fluoride_fluoride_fluoride,16.0,3.0,tetrahedral
524,co,2.0,acetonitrile_iodide_iodide_iodide,10.0,4.0,tetrahedral
525,co,2.0,acetonitrile_acetonitrile_iodide_iodide,15.0,4.0,tetrahedral
526,co,2.0,acetonitrile_acetonitrile_acetonitrile_iodide,20.0,4.0,tetrahedral
527,co,2.0,ammonia_ammonia_iodide_iodide,11.0,4.0,tetrahedral
528,co,2.0,ammonia_ammonia_ammonia_iodide,14.0,4.0,tetrahedral
529,co,2.0,cn_iodide_iodide_iodide,6.0,4.0,tetrahedral
530,co,2.0,cn_cn_iodide_iodide,7.0,4.0,tetrahedral
531,co,2.0,cn_cn_cn_iodide,8.0,4.0,tetrahedral
532,co,2.0,formaldehyde_iodide_iodide_iodide,8.0,4.0,tetrahedral
533,co,2.0,formaldehyde_formaldehyde_iodide_iodide,11.0,4.0,tetrahedral
534,co,2.0,formaldehyde_formaldehyde_formaldehyde_iodide,14.0,4.0,tetrahedral
535,co,2.0,scn_iodide_iodide_iodide,7.0,4.0,tetrahedral
536,co,2.0,scn_scn_iodide_iodide,9.0,4.0,tetrahedral
537,co,2.0,scn_scn_scn_iodide,11.0,4.0,tetrahedral
538,co,3.0,benzisc_iodide_iodide_iodide,20.0,5.0,tetrahedral
539,co,3.0,benzisc_benzisc_iodide_iodide,35.0,5.0,tetrahedral
540,co,3.0,benzisc_benzisc_benzisc_iodide,50.0,5.0,tetrahedral
541,co,3.0,formaldehyde_iodide_iodide_iodide,8.0,5.0,tetrahedral
542,co,3.0,formaldehyde_formaldehyde_iodide_iodide,11.0,5.0,tetrahedral
543,co,3.0,formaldehyde_formaldehyde_formaldehyde_iodide,14.0,5.0,tetrahedral
544,co,3.0,methylamine_iodide_iodide_iodide,11.0,5.0,tetrahedral
545,co,3.0,methylamine_methylamine_iodide_iodide,17.0,5.0,tetrahedral
546,co,3.0,methylamine_methylamine_methylamine_iodide,23.0,5.0,tetrahedral
547,co,3.0,ncs_iodide_iodide_iodide,7.0,5.0,tetrahedral
548,co,3.0,ncs_ncs_iodide_iodide,9.0,5.0,tetrahedral
549,co,3.0,ncs_ncs_ncs_iodide,11.0,5.0,tetrahedral
551,co,3.0,scn_scn_iodide_iodide,9.0,5.0,tetrahedral
552,co,3.0,scn_scn_scn_iodide,11.0,5.0,tetrahedral
553,co,3.0,thiopyridine_iodide_iodide_iodide,16.0,5.0,tetrahedral
554,co,3.0,thiopyridine_thiopyridine_iodide_iodide,27.0,5.0,tetrahedral
555,co,3.0,thiopyridine_thiopyridine_thiopyridine_iodide,38.0,5.0,tetrahedral
556,cr,2.0,iodide_iodide_iodide_hydroxyl,6.0,5.0,tetrahedral
557,cr,3.0,cyanopyridine_iodide_iodide_iodide,16.0,4.0,tetrahedral
558,cr,3.0,cyanopyridine_cyanopyridine_iodide_iodide,27.0,4.0,tetrahedral
559,cr,3.0,cyanopyridine_cyanopyridine_cyanopyridine_iodide,38.0,4.0,tetrahedral
564,cr,3.0,iodide_iodide_hydroxyl_hydroxyl,7.0,4.0,tetrahedral
566,cr,3.0,iodide_iodide_iodide_hydroxyl,6.0,4.0,tetrahedral
567,cr,3.0,ncs_iodide_iodide_iodide,7.0,4.0,tetrahedral
568,cr,3.0,ncs_ncs_iodide_iodide,9.0,4.0,tetrahedral
569,cr,3.0,ncs_ncs_ncs_iodide,11.0,4.0,tetrahedral
570,cr,3.0,pyridine_iodide_iodide_iodide,15.0,4.0,tetrahedral
571,cr,3.0,pyridine_pyridine_iodide_iodide,25.0,4.0,tetrahedral
572,cr,3.0,pyridine_pyridine_pyridine_iodide,35.0,4.0,tetrahedral
573,cr,3.0,scn_iodide_iodide_iodide,7.0,4.0,tetrahedral
574,cr,3.0,scn_scn_iodide_iodide,9.0,4.0,tetrahedral
575,cr,3.0,scn_scn_scn_iodide,11.0,4.0,tetrahedral
576,cr,3.0,thiopyridine_iodide_iodide_iodide,16.0,4.0,tetrahedral
577,cr,3.0,thiopyridine_thiopyridine_iodide_iodide,27.0,4.0,tetrahedral
578,cr,3.0,thiopyridine_thiopyridine_thiopyridine_iodide,38.0,4.0,tetrahedral
579,fe,2.0,cyanate_iodide_iodide_iodide,7.0,5.0,tetrahedral
580,fe,2.0,cyanate_cyanate_iodide_iodide,9.0,5.0,tetrahedral
581,fe,2.0,cyanate_cyanate_cyanate_iodide,11.0,5.0,tetrahedral
582,fe,2.0,formaldehyde_iodide_iodide_iodide,8.0,5.0,tetrahedral
583,fe,2.0,formaldehyde_formaldehyde_iodide_iodide,11.0,5.0,tetrahedral
584,fe,2.0,formaldehyde_formaldehyde_formaldehyde_iodide,14.0,5.0,tetrahedral
586,fe,2.0,furan_furan_iodide_iodide,21.0,5.0,tetrahedral
587,fe,2.0,furan_furan_furan_iodide,29.0,5.0,tetrahedral
588,fe,2.0,iodide_hydrogensulfide_hydrogensulfide_hydrogensulfide,11.0,5.0,tetrahedral
590,fe,2.0,ncs_iodide_iodide_iodide,7.0,5.0,tetrahedral
591,fe,2.0,ncs_ncs_iodide_iodide,9.0,5.0,tetrahedral
592,fe,2.0,ncs_ncs_ncs_iodide,11.0,5.0,tetrahedral
593,fe,2.0,pyridine_iodide_iodide_iodide,15.0,5.0,tetrahedral
594,fe,2.0,pyridine_pyridine_iodide_iodide,25.0,5.0,tetrahedral
595,fe,2.0,pyridine_pyridine_pyridine_iodide,35.0,5.0,tetrahedral
596,fe,2.0,scn_iodide_iodide_iodide,7.0,5.0,tetrahedral
597,fe,2.0,scn_scn_iodide_iodide,9.0,5.0,tetrahedral
598,fe,2.0,scn_scn_scn_iodide,11.0,5.0,tetrahedral
599,fe,3.0,acetonitrile_iodide_iodide_iodide,10.0,6.0,tetrahedral
600,fe,3.0,acetonitrile_acetonitrile_iodide_iodide,15.0,6.0,tetrahedral
601,fe,3.0,acetonitrile_acetonitrile_acetonitrile_iodide,20.0,6.0,tetrahedral
602,fe,3.0,ammonia_iodide_iodide_iodide,8.0,6.0,tetrahedral
603,fe,3.0,ammonia_ammonia_iodide_iodide,11.0,6.0,tetrahedral
604,fe,3.0,ammonia_ammonia_ammonia_iodide,14.0,6.0,tetrahedral
605,fe,3.0,benzisc_iodide_iodide_iodide,20.0,6.0,tetrahedral
606,fe,3.0,benzisc_benzisc_iodide_iodide,35.0,6.0,tetrahedral
607,fe,3.0,benzisc_benzisc_benzisc_iodide,50.0,6.0,tetrahedral
608,fe,3.0,cyanopyridine_iodide_iodide_iodide,16.0,6.0,tetrahedral
609,fe,3.0,cyanopyridine_cyanopyridine_iodide_iodide,27.0,6.0,tetrahedral
610,fe,3.0,cyanopyridine_cyanopyridine_cyanopyridine_iodide,38.0,6.0,tetrahedral
611,fe,3.0,formaldehyde_iodide_iodide_iodide,8.0,6.0,tetrahedral
612,fe,3.0,formaldehyde_formaldehyde_iodide_iodide,11.0,6.0,tetrahedral
613,fe,3.0,formaldehyde_formaldehyde_formaldehyde_iodide,14.0,6.0,tetrahedral
614,fe,3.0,methylamine_iodide_iodide_iodide,11.0,6.0,tetrahedral
615,fe,3.0,methylamine_methylamine_iodide_iodide,17.0,6.0,tetrahedral
616,fe,3.0,methylamine_methylamine_methylamine_iodide,23.0,6.0,tetrahedral
617,fe,3.0,ncs_iodide_iodide_iodide,7.0,6.0,tetrahedral
618,fe,3.0,ncs_ncs_iodide_iodide,9.0,6.0,tetrahedral
619,fe,3.0,ncs_ncs_ncs_iodide,11.0,6.0,tetrahedral
620,fe,3.0,pyridine_iodide_iodide_iodide,15.0,6.0,tetrahedral
621,fe,3.0,pyridine_pyridine_iodide_iodide,25.0,6.0,tetrahedral
622,fe,3.0,pyridine_pyridine_pyridine_iodide,35.0,6.0,tetrahedral
623,fe,3.0,scn_iodide_iodide_iodide,7.0,6.0,tetrahedral
624,fe,3.0,scn_scn_iodide_iodide,9.0,6.0,tetrahedral
625,fe,3.0,scn_scn_scn_iodide,11.0,6.0,tetrahedral
626,fe,3.0,thiopyridine_iodide_iodide_iodide,16.0,6.0,tetrahedral
627,fe,3.0,thiopyridine_thiopyridine_iodide_iodide,27.0,6.0,tetrahedral
628,fe,3.0,thiopyridine_thiopyridine_thiopyridine_iodide,38.0,6.0,tetrahedral
629,mn,2.0,cyanate_iodide_iodide_iodide,7.0,6.0,tetrahedral
630,mn,2.0,cyanate_cyanate_iodide_iodide,9.0,6.0,tetrahedral
631,mn,2.0,cyanate_cyanate_cyanate_iodide,11.0,6.0,tetrahedral
632,mn,2.0,furan_iodide_iodide_iodide,13.0,6.0,tetrahedral
633,mn,2.0,furan_furan_iodide_iodide,21.0,6.0,tetrahedral
634,mn,2.0,furan_furan_furan_iodide,29.0,6.0,tetrahedral
635,mn,2.0,iodide_iodide_iodide_hydroxyl,6.0,6.0,tetrahedral
636,mn,2.0,ncs_iodide_iodide_iodide,7.0,6.0,tetrahedral
637,mn,2.0,ncs_ncs_iodide_iodide,9.0,6.0,tetrahedral
638,mn,2.0,ncs_ncs_ncs_iodide,11.0,6.0,tetrahedral
639,mn,2.0,pph3_iodide_iodide_iodide,38.0,6.0,tetrahedral
640,mn,2.0,pph3_pph3_iodide_iodide,71.0,6.0,tetrahedral
641,mn,2.0,pph3_pph3_pph3_iodide,104.0,6.0,tetrahedral
642,mn,2.0,thiopyridine_iodide_iodide_iodide,16.0,6.0,tetrahedral
643,mn,2.0,thiopyridine_thiopyridine_iodide_iodide,27.0,6.0,tetrahedral
644,mn,2.0,thiopyridine_thiopyridine_thiopyridine_iodide,38.0,6.0,tetrahedral
645,mn,3.0,cyanopyridine_iodide_iodide_iodide,16.0,5.0,tetrahedral
646,mn,3.0,cyanopyridine_cyanopyridine_iodide_iodide,27.0,5.0,tetrahedral
647,mn,3.0,cyanopyridine_cyanopyridine_cyanopyridine_iodide,38.0,5.0,tetrahedral
648,mn,3.0,formaldehyde_iodide_iodide_iodide,8.0,5.0,tetrahedral
649,mn,3.0,formaldehyde_formaldehyde_iodide_iodide,11.0,5.0,tetrahedral
650,mn,3.0,formaldehyde_formaldehyde_formaldehyde_iodide,14.0,5.0,tetrahedral
651,mn,3.0,pyridine_iodide_iodide_iodide,15.0,5.0,tetrahedral
652,mn,3.0,pyridine_pyridine_iodide_iodide,25.0,5.0,tetrahedral
653,mn,3.0,pyridine_pyridine_pyridine_iodide,35.0,5.0,tetrahedral
654,mn,3.0,thiopyridine_iodide_iodide_iodide,16.0,5.0,tetrahedral
655,mn,3.0,thiopyridine_thiopyridine_iodide_iodide,27.0,5.0,tetrahedral
656,mn,3.0,thiopyridine_thiopyridine_thiopyridine_iodide,38.0,5.0,tetrahedral
657,co,2.0,acetonitrile_formaldehyde_formaldehyde_formaldehyde,19.0,4.0,tetrahedral
658,co,2.0,acetonitrile_acetonitrile_formaldehyde_formaldehyde,21.0,4.0,tetrahedral
659,co,2.0,acetonitrile_acetonitrile_acetonitrile_formaldehyde,23.0,4.0,tetrahedral
660,co,2.0,ammonia_formaldehyde_formaldehyde_formaldehyde,17.0,4.0,tetrahedral
661,co,2.0,ammonia_ammonia_formaldehyde_formaldehyde,17.0,4.0,tetrahedral
662,co,2.0,ammonia_ammonia_ammonia_formaldehyde,17.0,4.0,tetrahedral
663,co,2.0,cn_formaldehyde_formaldehyde_formaldehyde,15.0,4.0,tetrahedral
664,co,2.0,cn_cn_formaldehyde_formaldehyde,13.0,4.0,tetrahedral
665,co,2.0,cn_cn_cn_formaldehyde,11.0,4.0,tetrahedral
666,co,2.0,scn_formaldehyde_formaldehyde_formaldehyde,16.0,4.0,tetrahedral
667,co,2.0,scn_scn_formaldehyde_formaldehyde,15.0,4.0,tetrahedral
668,co,2.0,scn_scn_scn_formaldehyde,14.0,4.0,tetrahedral
669,co,3.0,benzisc_formaldehyde_formaldehyde_formaldehyde,29.0,5.0,tetrahedral
670,co,3.0,benzisc_benzisc_formaldehyde_formaldehyde,41.0,5.0,tetrahedral
671,co,3.0,benzisc_benzisc_benzisc_formaldehyde,53.0,5.0,tetrahedral
672,co,3.0,formaldehyde_methylamine_methylamine_methylamine,26.0,5.0,tetrahedral
673,co,3.0,formaldehyde_thiopyridine_thiopyridine_thiopyridine,41.0,5.0,tetrahedral
674,co,3.0,formaldehyde_formaldehyde_methylamine_methylamine,23.0,5.0,tetrahedral
675,co,3.0,formaldehyde_formaldehyde_thiopyridine_thiopyridine,33.0,5.0,tetrahedral
676,co,3.0,formaldehyde_formaldehyde_formaldehyde_methylamine,20.0,5.0,tetrahedral
677,co,3.0,formaldehyde_formaldehyde_formaldehyde_thiopyridine,25.0,5.0,tetrahedral
678,co,3.0,ncs_benzisc_benzisc_benzisc,52.0,5.0,tetrahedral
679,co,3.0,ncs_formaldehyde_formaldehyde_formaldehyde,16.0,5.0,tetrahedral
680,co,3.0,ncs_methylamine_methylamine_methylamine,25.0,5.0,tetrahedral
681,co,3.0,ncs_thiopyridine_thiopyridine_thiopyridine,40.0,5.0,tetrahedral
682,co,3.0,ncs_ncs_benzisc_benzisc,39.0,5.0,tetrahedral
683,co,3.0,ncs_ncs_formaldehyde_formaldehyde,15.0,5.0,tetrahedral
684,co,3.0,ncs_ncs_methylamine_methylamine,21.0,5.0,tetrahedral
685,co,3.0,ncs_ncs_thiopyridine_thiopyridine,31.0,5.0,tetrahedral
686,co,3.0,ncs_ncs_ncs_benzisc,26.0,5.0,tetrahedral
687,co,3.0,ncs_ncs_ncs_formaldehyde,14.0,5.0,tetrahedral
688,co,3.0,ncs_ncs_ncs_methylamine,17.0,5.0,tetrahedral
689,co,3.0,ncs_ncs_ncs_thiopyridine,22.0,5.0,tetrahedral
690,co,3.0,scn_formaldehyde_formaldehyde_formaldehyde,16.0,5.0,tetrahedral
691,co,3.0,scn_ncs_ncs_ncs,13.0,5.0,tetrahedral
692,co,3.0,scn_scn_formaldehyde_formaldehyde,15.0,5.0,tetrahedral
693,co,3.0,scn_scn_ncs_ncs,13.0,5.0,tetrahedral
694,co,3.0,scn_scn_scn_formaldehyde,14.0,5.0,tetrahedral
695,co,3.0,scn_scn_scn_ncs,13.0,5.0,tetrahedral
697,cr,3.0,cyanopyridine_cyanopyridine_formaldehyde_formaldehyde,33.0,4.0,tetrahedral
698,cr,3.0,cyanopyridine_cyanopyridine_cyanopyridine_formaldehyde,41.0,4.0,tetrahedral
699,cr,3.0,formaldehyde_hydrogensulfide_hydrogensulfide_hydrogensulfide,14.0,4.0,tetrahedral
700,cr,3.0,formaldehyde_pyridine_pyridine_pyridine,38.0,4.0,tetrahedral
703,cr,3.0,formaldehyde_formaldehyde_hydroxyl_hydroxyl,13.0,4.0,tetrahedral
704,cr,3.0,formaldehyde_formaldehyde_pyridine_pyridine,31.0,4.0,tetrahedral
706,cr,3.0,formaldehyde_formaldehyde_formaldehyde_hydrogensulfide,16.0,4.0,tetrahedral
707,cr,3.0,formaldehyde_formaldehyde_formaldehyde_hydroxyl,15.0,4.0,tetrahedral
708,cr,3.0,formaldehyde_formaldehyde_formaldehyde_pyridine,24.0,4.0,tetrahedral
710,cr,3.0,ncs_cyanopyridine_cyanopyridine_cyanopyridine,40.0,4.0,tetrahedral
714,cr,3.0,ncs_pyridine_pyridine_pyridine,37.0,4.0,tetrahedral
715,cr,3.0,ncs_thiopyridine_thiopyridine_thiopyridine,40.0,4.0,tetrahedral
716,cr,3.0,ncs_ncs_cyanopyridine_cyanopyridine,31.0,4.0,tetrahedral
719,cr,3.0,ncs_ncs_hydroxyl_hydroxyl,11.0,4.0,tetrahedral
720,cr,3.0,ncs_ncs_pyridine_pyridine,29.0,4.0,tetrahedral
721,cr,3.0,ncs_ncs_thiopyridine_thiopyridine,31.0,4.0,tetrahedral
722,cr,3.0,ncs_ncs_ncs_cyanopyridine,22.0,4.0,tetrahedral
725,cr,3.0,ncs_ncs_ncs_hydroxyl,12.0,4.0,tetrahedral
726,cr,3.0,ncs_ncs_ncs_pyridine,21.0,4.0,tetrahedral
727,cr,3.0,ncs_ncs_ncs_thiopyridine,22.0,4.0,tetrahedral
729,cr,3.0,scn_ncs_ncs_ncs,13.0,4.0,tetrahedral
731,cr,3.0,scn_scn_ncs_ncs,13.0,4.0,tetrahedral
732,cr,3.0,scn_scn_scn_formaldehyde,14.0,4.0,tetrahedral
733,cr,3.0,scn_scn_scn_ncs,13.0,4.0,tetrahedral
734,fe,2.0,cyanate_cyanate_formaldehyde_formaldehyde,15.0,5.0,tetrahedral
735,fe,2.0,cyanate_cyanate_cyanate_formaldehyde,14.0,5.0,tetrahedral
736,fe,2.0,formaldehyde_furan_furan_furan,32.0,5.0,tetrahedral
737,fe,2.0,formaldehyde_hydrogensulfide_hydrogensulfide_hydrogensulfide,14.0,5.0,tetrahedral
738,fe,2.0,formaldehyde_pyridine_pyridine_pyridine,38.0,5.0,tetrahedral
739,fe,2.0,formaldehyde_formaldehyde_furan_furan,27.0,5.0,tetrahedral
740,fe,2.0,formaldehyde_formaldehyde_hydrogensulfide_hydrogensulfide,15.0,5.0,tetrahedral
741,fe,2.0,formaldehyde_formaldehyde_pyridine_pyridine,31.0,5.0,tetrahedral
742,fe,2.0,formaldehyde_formaldehyde_formaldehyde_furan,22.0,5.0,tetrahedral
743,fe,2.0,formaldehyde_formaldehyde_formaldehyde_hydrogensulfide,16.0,5.0,tetrahedral
744,fe,2.0,formaldehyde_formaldehyde_formaldehyde_pyridine,24.0,5.0,tetrahedral
745,fe,2.0,ncs_formaldehyde_formaldehyde_formaldehyde,16.0,5.0,tetrahedral
746,fe,2.0,ncs_furan_furan_furan,31.0,5.0,tetrahedral
747,fe,2.0,ncs_hydrogensulfide_hydrogensulfide_hydrogensulfide,13.0,5.0,tetrahedral
748,fe,2.0,ncs_pyridine_pyridine_pyridine,37.0,5.0,tetrahedral
749,fe,2.0,ncs_ncs_cyanate_cyanate,13.0,5.0,tetrahedral
750,fe,2.0,ncs_ncs_formaldehyde_formaldehyde,15.0,5.0,tetrahedral
752,fe,2.0,ncs_ncs_pyridine_pyridine,29.0,5.0,tetrahedral
754,fe,2.0,ncs_ncs_ncs_pyridine,21.0,5.0,tetrahedral
755,fe,2.0,scn_formaldehyde_formaldehyde_formaldehyde,16.0,5.0,tetrahedral
756,fe,2.0,scn_ncs_ncs_ncs,13.0,5.0,tetrahedral
757,fe,2.0,scn_scn_formaldehyde_formaldehyde,15.0,5.0,tetrahedral
758,fe,2.0,scn_scn_ncs_ncs,13.0,5.0,tetrahedral
759,fe,2.0,scn_scn_scn_formaldehyde,14.0,5.0,tetrahedral
760,fe,2.0,scn_scn_scn_ncs,13.0,5.0,tetrahedral
761,fe,3.0,acetonitrile_formaldehyde_formaldehyde_formaldehyde,19.0,6.0,tetrahedral
762,fe,3.0,acetonitrile_acetonitrile_formaldehyde_formaldehyde,21.0,6.0,tetrahedral
763,fe,3.0,acetonitrile_acetonitrile_acetonitrile_formaldehyde,23.0,6.0,tetrahedral
764,fe,3.0,ammonia_formaldehyde_formaldehyde_formaldehyde,17.0,6.0,tetrahedral
765,fe,3.0,ammonia_ammonia_formaldehyde_formaldehyde,17.0,6.0,tetrahedral
766,fe,3.0,ammonia_ammonia_ammonia_formaldehyde,17.0,6.0,tetrahedral
767,fe,3.0,benzisc_formaldehyde_formaldehyde_formaldehyde,29.0,6.0,tetrahedral
768,fe,3.0,benzisc_benzisc_formaldehyde_formaldehyde,41.0,6.0,tetrahedral
769,fe,3.0,benzisc_benzisc_benzisc_formaldehyde,53.0,6.0,tetrahedral
770,fe,3.0,cyanopyridine_formaldehyde_formaldehyde_formaldehyde,25.0,6.0,tetrahedral
771,fe,3.0,cyanopyridine_cyanopyridine_formaldehyde_formaldehyde,33.0,6.0,tetrahedral
772,fe,3.0,cyanopyridine_cyanopyridine_cyanopyridine_formaldehyde,41.0,6.0,tetrahedral
773,fe,3.0,formaldehyde_methylamine_methylamine_methylamine,26.0,6.0,tetrahedral
774,fe,3.0,formaldehyde_pyridine_pyridine_pyridine,38.0,6.0,tetrahedral
775,fe,3.0,formaldehyde_thiopyridine_thiopyridine_thiopyridine,41.0,6.0,tetrahedral
776,fe,3.0,formaldehyde_formaldehyde_methylamine_methylamine,23.0,6.0,tetrahedral
777,fe,3.0,formaldehyde_formaldehyde_pyridine_pyridine,31.0,6.0,tetrahedral
778,fe,3.0,formaldehyde_formaldehyde_thiopyridine_thiopyridine,33.0,6.0,tetrahedral
779,fe,3.0,formaldehyde_formaldehyde_formaldehyde_methylamine,20.0,6.0,tetrahedral
780,fe,3.0,formaldehyde_formaldehyde_formaldehyde_pyridine,24.0,6.0,tetrahedral
781,fe,3.0,formaldehyde_formaldehyde_formaldehyde_thiopyridine,25.0,6.0,tetrahedral
782,fe,3.0,ncs_acetonitrile_acetonitrile_acetonitrile,22.0,6.0,tetrahedral
783,fe,3.0,ncs_ammonia_ammonia_ammonia,16.0,6.0,tetrahedral
784,fe,3.0,ncs_benzisc_benzisc_benzisc,52.0,6.0,tetrahedral
785,fe,3.0,ncs_cyanopyridine_cyanopyridine_cyanopyridine,40.0,6.0,tetrahedral
786,fe,3.0,ncs_formaldehyde_formaldehyde_formaldehyde,16.0,6.0,tetrahedral
787,fe,3.0,ncs_methylamine_methylamine_methylamine,25.0,6.0,tetrahedral
788,fe,3.0,ncs_pyridine_pyridine_pyridine,37.0,6.0,tetrahedral
789,fe,3.0,ncs_thiopyridine_thiopyridine_thiopyridine,40.0,6.0,tetrahedral
790,fe,3.0,ncs_ncs_acetonitrile_acetonitrile,19.0,6.0,tetrahedral
791,fe,3.0,ncs_ncs_ammonia_ammonia,15.0,6.0,tetrahedral
792,fe,3.0,ncs_ncs_benzisc_benzisc,39.0,6.0,tetrahedral
793,fe,3.0,ncs_ncs_cyanopyridine_cyanopyridine,31.0,6.0,tetrahedral
794,fe,3.0,ncs_ncs_formaldehyde_formaldehyde,15.0,6.0,tetrahedral
795,fe,3.0,ncs_ncs_methylamine_methylamine,21.0,6.0,tetrahedral
796,fe,3.0,ncs_ncs_pyridine_pyridine,29.0,6.0,tetrahedral
797,fe,3.0,ncs_ncs_thiopyridine_thiopyridine,31.0,6.0,tetrahedral
798,fe,3.0,ncs_ncs_ncs_acetonitrile,16.0,6.0,tetrahedral
799,fe,3.0,ncs_ncs_ncs_ammonia,14.0,6.0,tetrahedral
800,fe,3.0,ncs_ncs_ncs_benzisc,26.0,6.0,tetrahedral
801,fe,3.0,ncs_ncs_ncs_cyanopyridine,22.0,6.0,tetrahedral
802,fe,3.0,ncs_ncs_ncs_formaldehyde,14.0,6.0,tetrahedral
803,fe,3.0,ncs_ncs_ncs_methylamine,17.0,6.0,tetrahedral
804,fe,3.0,ncs_ncs_ncs_pyridine,21.0,6.0,tetrahedral
805,fe,3.0,ncs_ncs_ncs_thiopyridine,22.0,6.0,tetrahedral
806,fe,3.0,scn_formaldehyde_formaldehyde_formaldehyde,16.0,6.0,tetrahedral
807,fe,3.0,scn_ncs_ncs_ncs,13.0,6.0,tetrahedral
808,fe,3.0,scn_scn_formaldehyde_formaldehyde,15.0,6.0,tetrahedral
809,fe,3.0,scn_scn_ncs_ncs,13.0,6.0,tetrahedral
810,fe,3.0,scn_scn_scn_formaldehyde,14.0,6.0,tetrahedral
811,fe,3.0,scn_scn_scn_ncs,13.0,6.0,tetrahedral
812,mn,2.0,ncs_cyanate_cyanate_cyanate,13.0,6.0,tetrahedral
813,mn,2.0,ncs_furan_furan_furan,31.0,6.0,tetrahedral
814,mn,2.0,ncs_pph3_pph3_pph3,106.0,6.0,tetrahedral
815,mn,2.0,ncs_thiopyridine_thiopyridine_thiopyridine,40.0,6.0,tetrahedral
816,mn,2.0,ncs_ncs_cyanate_cyanate,13.0,6.0,tetrahedral
817,mn,2.0,ncs_ncs_hydroxyl_hydroxyl,11.0,6.0,tetrahedral
818,mn,2.0,ncs_ncs_pph3_pph3,75.0,6.0,tetrahedral
819,mn,2.0,ncs_ncs_thiopyridine_thiopyridine,31.0,6.0,tetrahedral
820,mn,2.0,ncs_ncs_ncs_furan,19.0,6.0,tetrahedral
821,mn,2.0,ncs_ncs_ncs_hydroxyl,12.0,6.0,tetrahedral
822,mn,2.0,ncs_ncs_ncs_pph3,44.0,6.0,tetrahedral
823,mn,2.0,ncs_ncs_ncs_thiopyridine,22.0,6.0,tetrahedral
824,mn,3.0,cyanopyridine_formaldehyde_formaldehyde_formaldehyde,25.0,5.0,tetrahedral
825,mn,3.0,cyanopyridine_cyanopyridine_formaldehyde_formaldehyde,33.0,5.0,tetrahedral
826,mn,3.0,cyanopyridine_cyanopyridine_cyanopyridine_formaldehyde,41.0,5.0,tetrahedral
827,mn,3.0,formaldehyde_pyridine_pyridine_pyridine,38.0,5.0,tetrahedral
828,mn,3.0,formaldehyde_thiopyridine_thiopyridine_thiopyridine,41.0,5.0,tetrahedral
829,mn,3.0,formaldehyde_formaldehyde_pyridine_pyridine,31.0,5.0,tetrahedral
830,mn,3.0,formaldehyde_formaldehyde_thiopyridine_thiopyridine,33.0,5.0,tetrahedral
831,mn,3.0,formaldehyde_formaldehyde_formaldehyde_pyridine,24.0,5.0,tetrahedral
832,mn,3.0,formaldehyde_formaldehyde_formaldehyde_thiopyridine,25.0,5.0,tetrahedral
833,co,2.0,acetonitrile_acetonitrile_ammonia_ammonia,21.0,4.0,tetrahedral
834,co,2.0,acetonitrile_acetonitrile_acetonitrile_ammonia,23.0,4.0,tetrahedral
835,co,2.0,cn_ammonia_ammonia_ammonia,15.0,4.0,tetrahedral
837,co,2.0,cn_cn_cn_ammonia,11.0,4.0,tetrahedral
838,co,2.0,scn_ammonia_ammonia_ammonia,16.0,4.0,tetrahedral
839,co,2.0,scn_scn_ammonia_ammonia,15.0,4.0,tetrahedral
840,co,2.0,scn_scn_scn_ammonia,14.0,4.0,tetrahedral
842,cr,3.0,cyanopyridine_cyanopyridine_pyridine_pyridine,47.0,4.0,tetrahedral
843,cr,3.0,cyanopyridine_cyanopyridine_cyanopyridine_pyridine,48.0,4.0,tetrahedral
845,cr,3.0,pyridine_hydroxyl_hydroxyl_hydroxyl,18.0,4.0,tetrahedral
846,cr,3.0,pyridine_thiopyridine_thiopyridine_thiopyridine,48.0,4.0,tetrahedral
847,cr,3.0,pyridine_pyridine_hydrogensulfide_hydrogensulfide,29.0,4.0,tetrahedral
850,cr,3.0,pyridine_pyridine_pyridine_thiopyridine,46.0,4.0,tetrahedral
851,cr,3.0,scn_pyridine_pyridine_pyridine,37.0,4.0,tetrahedral
852,cr,3.0,scn_scn_pyridine_pyridine,29.0,4.0,tetrahedral
854,fe,2.0,cyanate_furan_furan_furan,31.0,5.0,tetrahedral
855,fe,2.0,cyanate_hydrogensulfide_hydrogensulfide_hydrogensulfide,13.0,5.0,tetrahedral
857,fe,2.0,cyanate_cyanate_pyridine_pyridine,29.0,5.0,tetrahedral
858,fe,2.0,cyanate_cyanate_cyanate_furan,19.0,5.0,tetrahedral
860,fe,2.0,cyanate_cyanate_cyanate_pyridine,21.0,5.0,tetrahedral
861,fe,2.0,furan_pyridine_pyridine_pyridine,43.0,5.0,tetrahedral
862,fe,2.0,furan_furan_pyridine_pyridine,41.0,5.0,tetrahedral
863,fe,2.0,furan_furan_furan_pyridine,39.0,5.0,tetrahedral
864,fe,2.0,pyridine_hydrogensulfide_hydrogensulfide_hydrogensulfide,21.0,5.0,tetrahedral
865,fe,2.0,scn_cyanate_cyanate_cyanate,13.0,5.0,tetrahedral
866,fe,2.0,scn_pyridine_pyridine_pyridine,37.0,5.0,tetrahedral
867,fe,2.0,scn_scn_cyanate_cyanate,13.0,5.0,tetrahedral
868,fe,2.0,scn_scn_pyridine_pyridine,29.0,5.0,tetrahedral
869,fe,2.0,scn_scn_scn_cyanate,13.0,5.0,tetrahedral
870,fe,2.0,scn_scn_scn_pyridine,21.0,5.0,tetrahedral
871,fe,3.0,acetonitrile_ammonia_ammonia_ammonia,19.0,6.0,tetrahedral
872,fe,3.0,acetonitrile_pyridine_pyridine_pyridine,40.0,6.0,tetrahedral
873,fe,3.0,acetonitrile_acetonitrile_ammonia_ammonia,21.0,6.0,tetrahedral
874,fe,3.0,acetonitrile_acetonitrile_pyridine_pyridine,35.0,6.0,tetrahedral
875,fe,3.0,acetonitrile_acetonitrile_acetonitrile_ammonia,23.0,6.0,tetrahedral
876,fe,3.0,acetonitrile_acetonitrile_acetonitrile_pyridine,30.0,6.0,tetrahedral
877,fe,3.0,ammonia_benzisc_benzisc_benzisc,53.0,6.0,tetrahedral
878,fe,3.0,ammonia_cyanopyridine_cyanopyridine_cyanopyridine,41.0,6.0,tetrahedral
879,fe,3.0,ammonia_methylamine_methylamine_methylamine,26.0,6.0,tetrahedral
880,fe,3.0,ammonia_pyridine_pyridine_pyridine,38.0,6.0,tetrahedral
881,fe,3.0,ammonia_thiopyridine_thiopyridine_thiopyridine,41.0,6.0,tetrahedral
882,fe,3.0,ammonia_ammonia_benzisc_benzisc,41.0,6.0,tetrahedral
883,fe,3.0,ammonia_ammonia_cyanopyridine_cyanopyridine,33.0,6.0,tetrahedral
884,fe,3.0,ammonia_ammonia_methylamine_methylamine,23.0,6.0,tetrahedral
885,fe,3.0,ammonia_ammonia_pyridine_pyridine,31.0,6.0,tetrahedral
886,fe,3.0,ammonia_ammonia_ammonia_benzisc,29.0,6.0,tetrahedral
887,fe,3.0,ammonia_ammonia_ammonia_cyanopyridine,25.0,6.0,tetrahedral
888,fe,3.0,ammonia_ammonia_ammonia_methylamine,20.0,6.0,tetrahedral
890,fe,3.0,ammonia_ammonia_ammonia_thiopyridine,25.0,6.0,tetrahedral
891,fe,3.0,benzisc_pyridine_pyridine_pyridine,50.0,6.0,tetrahedral
892,fe,3.0,benzisc_benzisc_pyridine_pyridine,55.0,6.0,tetrahedral
893,fe,3.0,benzisc_benzisc_benzisc_pyridine,60.0,6.0,tetrahedral
894,fe,3.0,cyanopyridine_pyridine_pyridine_pyridine,46.0,6.0,tetrahedral
895,fe,3.0,cyanopyridine_cyanopyridine_pyridine_pyridine,47.0,6.0,tetrahedral
896,fe,3.0,cyanopyridine_cyanopyridine_cyanopyridine_pyridine,48.0,6.0,tetrahedral
897,fe,3.0,methylamine_pyridine_pyridine_pyridine,41.0,6.0,tetrahedral
898,fe,3.0,methylamine_methylamine_pyridine_pyridine,37.0,6.0,tetrahedral
899,fe,3.0,methylamine_methylamine_methylamine_pyridine,33.0,6.0,tetrahedral
900,fe,3.0,pyridine_thiopyridine_thiopyridine_thiopyridine,48.0,6.0,tetrahedral
901,fe,3.0,pyridine_pyridine_thiopyridine_thiopyridine,47.0,6.0,tetrahedral
902,fe,3.0,pyridine_pyridine_pyridine_thiopyridine,46.0,6.0,tetrahedral
904,fe,3.0,scn_scn_ammonia_ammonia,15.0,6.0,tetrahedral
905,fe,3.0,scn_scn_pyridine_pyridine,29.0,6.0,tetrahedral
906,fe,3.0,scn_scn_scn_ammonia,14.0,6.0,tetrahedral
907,fe,3.0,scn_scn_scn_pyridine,21.0,6.0,tetrahedral
908,mn,2.0,cyanate_furan_furan_furan,31.0,6.0,tetrahedral
909,mn,2.0,cyanate_hydroxyl_hydroxyl_hydroxyl,10.0,6.0,tetrahedral
910,mn,2.0,cyanate_pph3_pph3_pph3,106.0,6.0,tetrahedral
913,mn,2.0,cyanate_cyanate_thiopyridine_thiopyridine,31.0,6.0,tetrahedral
914,mn,2.0,cyanate_cyanate_cyanate_furan,19.0,6.0,tetrahedral
915,mn,2.0,cyanate_cyanate_cyanate_pph3,44.0,6.0,tetrahedral
916,mn,2.0,cyanate_cyanate_cyanate_thiopyridine,22.0,6.0,tetrahedral
917,mn,3.0,cyanopyridine_pyridine_pyridine_pyridine,46.0,5.0,tetrahedral
918,mn,3.0,cyanopyridine_cyanopyridine_pyridine_pyridine,47.0,5.0,tetrahedral
919,mn,3.0,cyanopyridine_cyanopyridine_cyanopyridine_pyridine,48.0,5.0,tetrahedral
920,mn,3.0,pyridine_thiopyridine_thiopyridine_thiopyridine,48.0,5.0,tetrahedral
921,mn,3.0,pyridine_pyridine_thiopyridine_thiopyridine,47.0,5.0,tetrahedral
922,mn,3.0,pyridine_pyridine_pyridine_thiopyridine,46.0,5.0,tetrahedral
923,ni,2.0,acetonitrile_pyridine_pyridine_pyridine,40.0,3.0,tetrahedral
924,ni,2.0,acetonitrile_acetonitrile_pyridine_pyridine,35.0,3.0,tetrahedral
925,ni,2.0,acetonitrile_acetonitrile_acetonitrile_pyridine,30.0,3.0,tetrahedral
926,ni,2.0,cyanate_acetonitrile_acetonitrile_acetonitrile,22.0,3.0,tetrahedral
927,ni,2.0,cyanate_thiopyridine_thiopyridine_thiopyridine,40.0,3.0,tetrahedral
928,ni,2.0,cyanate_cyanate_acetonitrile_acetonitrile,19.0,3.0,tetrahedral
930,ni,2.0,cyanate_cyanate_thiopyridine_thiopyridine,31.0,3.0,tetrahedral
931,ni,2.0,cyanate_cyanate_cyanate_acetonitrile,16.0,3.0,tetrahedral
932,ni,2.0,cyanate_cyanate_cyanate_pyridine,21.0,3.0,tetrahedral
933,ni,2.0,cyanate_cyanate_cyanate_thiopyridine,22.0,3.0,tetrahedral
934,ni,2.0,pyridine_thiopyridine_thiopyridine_thiopyridine,48.0,3.0,tetrahedral
935,ni,2.0,pyridine_pyridine_thiopyridine_thiopyridine,47.0,3.0,tetrahedral
936,ni,2.0,pyridine_pyridine_pyridine_thiopyridine,46.0,3.0,tetrahedral
937,co,2.0,cn_acetonitrile_acetonitrile_acetonitrile,21.0,4.0,tetrahedral
938,co,2.0,cn_cn_acetonitrile_acetonitrile,17.0,4.0,tetrahedral
939,co,2.0,cn_cn_cn_acetonitrile,13.0,4.0,tetrahedral
940,co,2.0,scn_acetonitrile_acetonitrile_acetonitrile,22.0,4.0,tetrahedral
941,co,2.0,scn_cn_cn_cn,10.0,4.0,tetrahedral
942,co,2.0,scn_scn_acetonitrile_acetonitrile,19.0,4.0,tetrahedral
943,co,2.0,scn_scn_cn_cn,11.0,4.0,tetrahedral
944,co,2.0,scn_scn_scn_acetonitrile,16.0,4.0,tetrahedral
945,co,2.0,scn_scn_scn_cn,12.0,4.0,tetrahedral
946,co,3.0,benzisc_methylamine_methylamine_methylamine,38.0,5.0,tetrahedral
947,co,3.0,benzisc_thiopyridine_thiopyridine_thiopyridine,53.0,5.0,tetrahedral
948,co,3.0,benzisc_benzisc_methylamine_methylamine,47.0,5.0,tetrahedral
949,co,3.0,benzisc_benzisc_thiopyridine_thiopyridine,57.0,5.0,tetrahedral
950,co,3.0,benzisc_benzisc_benzisc_methylamine,56.0,5.0,tetrahedral
951,co,3.0,benzisc_benzisc_benzisc_thiopyridine,61.0,5.0,tetrahedral
952,co,3.0,methylamine_thiopyridine_thiopyridine_thiopyridine,44.0,5.0,tetrahedral
953,co,3.0,methylamine_methylamine_thiopyridine_thiopyridine,39.0,5.0,tetrahedral
954,co,3.0,methylamine_methylamine_methylamine_thiopyridine,34.0,5.0,tetrahedral
955,co,3.0,scn_benzisc_benzisc_benzisc,52.0,5.0,tetrahedral
957,co,3.0,scn_thiopyridine_thiopyridine_thiopyridine,40.0,5.0,tetrahedral
958,co,3.0,scn_scn_benzisc_benzisc,39.0,5.0,tetrahedral
959,co,3.0,scn_scn_methylamine_methylamine,21.0,5.0,tetrahedral
960,co,3.0,scn_scn_thiopyridine_thiopyridine,31.0,5.0,tetrahedral
961,co,3.0,scn_scn_scn_benzisc,26.0,5.0,tetrahedral
962,co,3.0,scn_scn_scn_methylamine,17.0,5.0,tetrahedral
963,co,3.0,scn_scn_scn_thiopyridine,22.0,5.0,tetrahedral
964,cr,2.0,hydroxyl_s2-_s2-_s2-,6.0,5.0,tetrahedral
965,cr,2.0,hydroxyl_hydroxyl_s2-_s2-,7.0,5.0,tetrahedral
966,cr,2.0,hydroxyl_hydroxyl_hydroxyl_s2-,8.0,5.0,tetrahedral
968,cr,3.0,cyanopyridine_hydroxyl_hydroxyl_hydroxyl,19.0,4.0,tetrahedral
972,cr,3.0,cyanopyridine_cyanopyridine_thiopyridine_thiopyridine,49.0,4.0,tetrahedral
974,cr,3.0,cyanopyridine_cyanopyridine_cyanopyridine_hydroxyl,39.0,4.0,tetrahedral
975,cr,3.0,cyanopyridine_cyanopyridine_cyanopyridine_thiopyridine,49.0,4.0,tetrahedral
976,cr,3.0,hydroxyl_hydrogensulfide_hydrogensulfide_hydrogensulfide,12.0,4.0,tetrahedral
978,cr,3.0,scn_cyanopyridine_cyanopyridine_cyanopyridine,40.0,4.0,tetrahedral
980,cr,3.0,scn_thiopyridine_thiopyridine_thiopyridine,40.0,4.0,tetrahedral
981,cr,3.0,scn_scn_cyanopyridine_cyanopyridine,31.0,4.0,tetrahedral
982,cr,3.0,scn_scn_hydroxyl_hydroxyl,11.0,4.0,tetrahedral
983,cr,3.0,scn_scn_thiopyridine_thiopyridine,31.0,4.0,tetrahedral
984,cr,3.0,scn_scn_scn_cyanopyridine,22.0,4.0,tetrahedral
986,cr,3.0,scn_scn_scn_hydroxyl,12.0,4.0,tetrahedral
990,cr,3.0,thiopyridine_thiopyridine_hydroxyl_hydroxyl,29.0,4.0,tetrahedral
992,cr,3.0,thiopyridine_thiopyridine_thiopyridine_hydroxyl,39.0,4.0,tetrahedral
993,fe,2.0,furan_hydrogensulfide_hydrogensulfide_hydrogensulfide,19.0,5.0,tetrahedral
994,fe,2.0,furan_furan_hydrogensulfide_hydrogensulfide,25.0,5.0,tetrahedral
995,fe,2.0,furan_furan_furan_hydrogensulfide,31.0,5.0,tetrahedral
996,fe,2.0,scn_furan_furan_furan,31.0,5.0,tetrahedral
997,fe,2.0,scn_hydrogensulfide_hydrogensulfide_hydrogensulfide,13.0,5.0,tetrahedral
998,fe,2.0,scn_scn_furan_furan,25.0,5.0,tetrahedral
999,fe,2.0,scn_scn_hydrogensulfide_hydrogensulfide,13.0,5.0,tetrahedral
1000,fe,2.0,scn_scn_scn_furan,19.0,5.0,tetrahedral
1001,fe,2.0,scn_scn_scn_hydrogensulfide,13.0,5.0,tetrahedral
1002,fe,3.0,acetonitrile_benzisc_benzisc_benzisc,55.0,6.0,tetrahedral
1003,fe,3.0,acetonitrile_methylamine_methylamine_methylamine,28.0,6.0,tetrahedral
1004,fe,3.0,acetonitrile_thiopyridine_thiopyridine_thiopyridine,43.0,6.0,tetrahedral
1005,fe,3.0,acetonitrile_acetonitrile_benzisc_benzisc,45.0,6.0,tetrahedral
1006,fe,3.0,acetonitrile_acetonitrile_cyanopyridine_cyanopyridine,37.0,6.0,tetrahedral
1007,fe,3.0,acetonitrile_acetonitrile_methylamine_methylamine,27.0,6.0,tetrahedral
1008,fe,3.0,acetonitrile_acetonitrile_thiopyridine_thiopyridine,37.0,6.0,tetrahedral
1009,fe,3.0,acetonitrile_acetonitrile_acetonitrile_benzisc,35.0,6.0,tetrahedral
1010,fe,3.0,acetonitrile_acetonitrile_acetonitrile_cyanopyridine,31.0,6.0,tetrahedral
1011,fe,3.0,acetonitrile_acetonitrile_acetonitrile_methylamine,26.0,6.0,tetrahedral
1012,fe,3.0,acetonitrile_acetonitrile_acetonitrile_thiopyridine,31.0,6.0,tetrahedral
1013,fe,3.0,benzisc_cyanopyridine_cyanopyridine_cyanopyridine,53.0,6.0,tetrahedral
1014,fe,3.0,benzisc_methylamine_methylamine_methylamine,38.0,6.0,tetrahedral
1015,fe,3.0,benzisc_thiopyridine_thiopyridine_thiopyridine,53.0,6.0,tetrahedral
1016,fe,3.0,benzisc_benzisc_cyanopyridine_cyanopyridine,57.0,6.0,tetrahedral
1017,fe,3.0,benzisc_benzisc_methylamine_methylamine,47.0,6.0,tetrahedral
1018,fe,3.0,benzisc_benzisc_thiopyridine_thiopyridine,57.0,6.0,tetrahedral
1019,fe,3.0,benzisc_benzisc_benzisc_cyanopyridine,61.0,6.0,tetrahedral
1020,fe,3.0,benzisc_benzisc_benzisc_methylamine,56.0,6.0,tetrahedral
1021,fe,3.0,benzisc_benzisc_benzisc_thiopyridine,61.0,6.0,tetrahedral
1022,fe,3.0,cyanopyridine_methylamine_methylamine_methylamine,34.0,6.0,tetrahedral
1023,fe,3.0,cyanopyridine_thiopyridine_thiopyridine_thiopyridine,49.0,6.0,tetrahedral
1024,fe,3.0,cyanopyridine_cyanopyridine_methylamine_methylamine,39.0,6.0,tetrahedral
1025,fe,3.0,cyanopyridine_cyanopyridine_cyanopyridine_methylamine,44.0,6.0,tetrahedral
1026,fe,3.0,cyanopyridine_cyanopyridine_cyanopyridine_thiopyridine,49.0,6.0,tetrahedral
1027,fe,3.0,methylamine_thiopyridine_thiopyridine_thiopyridine,44.0,6.0,tetrahedral
1028,fe,3.0,methylamine_methylamine_thiopyridine_thiopyridine,39.0,6.0,tetrahedral
1029,fe,3.0,methylamine_methylamine_methylamine_thiopyridine,34.0,6.0,tetrahedral
1030,fe,3.0,scn_acetonitrile_acetonitrile_acetonitrile,22.0,6.0,tetrahedral
1031,fe,3.0,scn_benzisc_benzisc_benzisc,52.0,6.0,tetrahedral
1032,fe,3.0,scn_methylamine_methylamine_methylamine,25.0,6.0,tetrahedral
1033,fe,3.0,scn_thiopyridine_thiopyridine_thiopyridine,40.0,6.0,tetrahedral
1034,fe,3.0,scn_scn_acetonitrile_acetonitrile,19.0,6.0,tetrahedral
1035,fe,3.0,scn_scn_benzisc_benzisc,39.0,6.0,tetrahedral
1036,fe,3.0,scn_scn_cyanopyridine_cyanopyridine,31.0,6.0,tetrahedral
1037,fe,3.0,scn_scn_methylamine_methylamine,21.0,6.0,tetrahedral
1038,fe,3.0,scn_scn_thiopyridine_thiopyridine,31.0,6.0,tetrahedral
1039,fe,3.0,scn_scn_scn_acetonitrile,16.0,6.0,tetrahedral
1040,fe,3.0,scn_scn_scn_benzisc,26.0,6.0,tetrahedral
1041,fe,3.0,scn_scn_scn_cyanopyridine,22.0,6.0,tetrahedral
1042,fe,3.0,scn_scn_scn_methylamine,17.0,6.0,tetrahedral
1043,fe,3.0,scn_scn_scn_thiopyridine,22.0,6.0,tetrahedral
1044,mn,2.0,furan_pph3_pph3_pph3,112.0,6.0,tetrahedral
1045,mn,2.0,furan_thiopyridine_thiopyridine_thiopyridine,46.0,6.0,tetrahedral
1046,mn,2.0,furan_furan_pph3_pph3,87.0,6.0,tetrahedral
1047,mn,2.0,furan_furan_furan_hydroxyl,30.0,6.0,tetrahedral
1048,mn,2.0,furan_furan_furan_pph3,62.0,6.0,tetrahedral
1049,mn,2.0,pph3_hydroxyl_hydroxyl_hydroxyl,41.0,6.0,tetrahedral
1050,mn,2.0,pph3_thiopyridine_thiopyridine_thiopyridine,71.0,6.0,tetrahedral
1051,mn,2.0,pph3_pph3_hydroxyl_hydroxyl,73.0,6.0,tetrahedral
1052,mn,2.0,pph3_pph3_thiopyridine_thiopyridine,93.0,6.0,tetrahedral
1053,mn,2.0,pph3_pph3_pph3_hydroxyl,105.0,6.0,tetrahedral
1054,mn,2.0,pph3_pph3_pph3_thiopyridine,115.0,6.0,tetrahedral
1055,mn,2.0,thiopyridine_hydroxyl_hydroxyl_hydroxyl,19.0,6.0,tetrahedral
1057,mn,2.0,thiopyridine_thiopyridine_thiopyridine_hydroxyl,39.0,6.0,tetrahedral
1058,mn,3.0,cyanopyridine_thiopyridine_thiopyridine_thiopyridine,49.0,5.0,tetrahedral
1059,mn,3.0,cyanopyridine_cyanopyridine_thiopyridine_thiopyridine,49.0,5.0,tetrahedral
1060,ni,2.0,acetonitrile_thiopyridine_thiopyridine_thiopyridine,43.0,3.0,tetrahedral
1061,ni,2.0,acetonitrile_acetonitrile_thiopyridine_thiopyridine,37.0,3.0,tetrahedral
1062,ni,2.0,acetonitrile_acetonitrile_acetonitrile_thiopyridine,31.0,3.0,tetrahedral
6,co,2.0,chloride_chloride_chloride_chloride,5.0,2.0,tetrahedral
8,co,2.0,cyanate_cyanate_cyanate_cyanate,13.0,2.0,tetrahedral
16,co,2.0,iodide_iodide_iodide_iodide,5.0,2.0,tetrahedral
28,co,2.0,scn_scn_scn_scn,13.0,2.0,tetrahedral
39,co,3.0,chloride_chloride_chloride_chloride,5.0,1.0,tetrahedral
43,co,3.0,fluoride_fluoride_fluoride_fluoride,5.0,1.0,tetrahedral
44,co,3.0,formaldehyde_formaldehyde_formaldehyde_formaldehyde,17.0,1.0,tetrahedral
47,co,3.0,iodide_iodide_iodide_iodide,5.0,1.0,tetrahedral
63,cr,2.0,acac_acac_acac_acac,29.0,1.0,tetrahedral
67,cr,2.0,benzisc_benzisc_benzisc_benzisc,65.0,1.0,tetrahedral
70,cr,2.0,chloride_chloride_chloride_chloride,5.0,1.0,tetrahedral
74,cr,2.0,fluoride_fluoride_fluoride_fluoride,5.0,1.0,tetrahedral
76,cr,2.0,furan_furan_furan_furan,37.0,1.0,tetrahedral
78,cr,2.0,hydroxyl_hydroxyl_hydroxyl_hydroxyl,9.0,1.0,tetrahedral
79,cr,2.0,iodide_iodide_iodide_iodide,5.0,1.0,tetrahedral
81,cr,2.0,mec_mec_mec_mec,31.0,1.0,tetrahedral
82,cr,2.0,methylamine_methylamine_methylamine_methylamine,29.0,1.0,tetrahedral
85,cr,2.0,ox_ox_ox_ox,13.0,1.0,tetrahedral
90,cr,2.0,pyridine_pyridine_pyridine_pyridine,45.0,1.0,tetrahedral
91,cr,2.0,s2-_s2-_s2-_s2-,5.0,1.0,tetrahedral
92,cr,2.0,tbuc_tbuc_tbuc_tbuc,49.0,1.0,tetrahedral
95,cr,3.0,acac_acac_acac_acac,29.0,2.0,tetrahedral
96,cr,3.0,aceticacidbipyridine_aceticacidbipyridine_aceticacidbipyridine_aceticacidbipyridine,65.0,2.0,tetrahedral
97,cr,3.0,acetonitrile_acetonitrile_acetonitrile_acetonitrile,25.0,2.0,tetrahedral
98,cr,3.0,ammonia_ammonia_ammonia_ammonia,17.0,2.0,tetrahedral
100,cr,3.0,bipy_bipy_bipy_bipy,41.0,2.0,tetrahedral
101,cr,3.0,chloride_chloride_chloride_chloride,5.0,2.0,tetrahedral
102,cr,3.0,cn_cn_cn_cn,9.0,2.0,tetrahedral
103,cr,3.0,cyanopyridine_cyanopyridine_cyanopyridine_cyanopyridine,49.0,2.0,tetrahedral
104,cr,3.0,en_en_en_en,25.0,2.0,tetrahedral
105,cr,3.0,fluoride_fluoride_fluoride_fluoride,5.0,2.0,tetrahedral
106,cr,3.0,formaldehyde_formaldehyde_formaldehyde_formaldehyde,17.0,2.0,tetrahedral
107,cr,3.0,furan_furan_furan_furan,37.0,2.0,tetrahedral
108,cr,3.0,hydrogensulfide_hydrogensulfide_hydrogensulfide_hydrogensulfide,13.0,2.0,tetrahedral
109,cr,3.0,hydroxyl_hydroxyl_hydroxyl_hydroxyl,9.0,2.0,tetrahedral
110,cr,3.0,iodide_iodide_iodide_iodide,5.0,2.0,tetrahedral
111,cr,3.0,mebipy_mebipy_mebipy_mebipy,53.0,2.0,tetrahedral
112,cr,3.0,mec_mec_mec_mec,31.0,2.0,tetrahedral
113,cr,3.0,methylamine_methylamine_methylamine_methylamine,29.0,2.0,tetrahedral
114,cr,3.0,ncs_ncs_ncs_ncs,13.0,2.0,tetrahedral
115,cr,3.0,ox_ox_ox_ox,13.0,2.0,tetrahedral
116,cr,3.0,phen_phen_phen_phen,45.0,2.0,tetrahedral
117,cr,3.0,phenisc_phenisc_phenisc_phenisc,53.0,2.0,tetrahedral
118,cr,3.0,phosphine_phosphine_phosphine_phosphine,17.0,2.0,tetrahedral
119,cr,3.0,pisc_pisc_pisc_pisc,101.0,2.0,tetrahedral
120,cr,3.0,pyridine_pyridine_pyridine_pyridine,45.0,2.0,tetrahedral
121,cr,3.0,s2-_s2-_s2-_s2-,5.0,2.0,tetrahedral
122,cr,3.0,scn_scn_scn_scn,13.0,2.0,tetrahedral
123,cr,3.0,tbuc_tbuc_tbuc_tbuc,49.0,2.0,tetrahedral
124,cr,3.0,thiopyridine_thiopyridine_thiopyridine_thiopyridine,49.0,2.0,tetrahedral
125,cr,3.0,water_water_water_water,13.0,2.0,tetrahedral
133,fe,2.0,chloride_chloride_chloride_chloride,5.0,1.0,tetrahedral
143,fe,2.0,iodide_iodide_iodide_iodide,5.0,1.0,tetrahedral
159,fe,3.0,acac_acac_acac_acac,29.0,2.0,tetrahedral
161,fe,3.0,acetonitrile_acetonitrile_acetonitrile_acetonitrile,25.0,2.0,tetrahedral
162,fe,3.0,ammonia_ammonia_ammonia_ammonia,17.0,2.0,tetrahedral
163,fe,3.0,benzisc_benzisc_benzisc_benzisc,65.0,2.0,tetrahedral
164,fe,3.0,bipy_bipy_bipy_bipy,41.0,2.0,tetrahedral
166,fe,3.0,chloride_chloride_chloride_chloride,5.0,2.0,tetrahedral
168,fe,3.0,cyanopyridine_cyanopyridine_cyanopyridine_cyanopyridine,49.0,2.0,tetrahedral
170,fe,3.0,fluoride_fluoride_fluoride_fluoride,5.0,2.0,tetrahedral
171,fe,3.0,formaldehyde_formaldehyde_formaldehyde_formaldehyde,17.0,2.0,tetrahedral
174,fe,3.0,iodide_iodide_iodide_iodide,5.0,2.0,tetrahedral
177,fe,3.0,methylamine_methylamine_methylamine_methylamine,29.0,2.0,tetrahedral
179,fe,3.0,ncs_ncs_ncs_ncs,13.0,2.0,tetrahedral
180,fe,3.0,ox_ox_ox_ox,13.0,2.0,tetrahedral
184,fe,3.0,pyridine_pyridine_pyridine_pyridine,45.0,2.0,tetrahedral
186,fe,3.0,scn_scn_scn_scn,13.0,2.0,tetrahedral
197,mn,2.0,chloride_chloride_chloride_chloride,5.0,2.0,tetrahedral
205,mn,2.0,hydroxyl_hydroxyl_hydroxyl_hydroxyl,9.0,2.0,tetrahedral
206,mn,2.0,iodide_iodide_iodide_iodide,5.0,2.0,tetrahedral
211,mn,2.0,ncs_ncs_ncs_ncs,13.0,2.0,tetrahedral
217,mn,2.0,pph3_pph3_pph3_pph3,137.0,2.0,tetrahedral
219,mn,2.0,scn_scn_scn_scn,13.0,2.0,tetrahedral
220,mn,2.0,tbuc_tbuc_tbuc_tbuc,49.0,2.0,tetrahedral
221,mn,2.0,thiopyridine_thiopyridine_thiopyridine_thiopyridine,49.0,2.0,tetrahedral
223,mn,3.0,acac_acac_acac_acac,29.0,1.0,tetrahedral
224,mn,3.0,aceticacidbipyridine_aceticacidbipyridine_aceticacidbipyridine_aceticacidbipyridine,65.0,1.0,tetrahedral
225,mn,3.0,acetonitrile_acetonitrile_acetonitrile_acetonitrile,25.0,1.0,tetrahedral
226,mn,3.0,ammonia_ammonia_ammonia_ammonia,17.0,1.0,tetrahedral
228,mn,3.0,bipy_bipy_bipy_bipy,41.0,1.0,tetrahedral
230,mn,3.0,chloride_chloride_chloride_chloride,5.0,1.0,tetrahedral
231,mn,3.0,cn_cn_cn_cn,9.0,1.0,tetrahedral
232,mn,3.0,cyanopyridine_cyanopyridine_cyanopyridine_cyanopyridine,49.0,1.0,tetrahedral
234,mn,3.0,fluoride_fluoride_fluoride_fluoride,5.0,1.0,tetrahedral
235,mn,3.0,formaldehyde_formaldehyde_formaldehyde_formaldehyde,17.0,1.0,tetrahedral
237,mn,3.0,hydrogensulfide_hydrogensulfide_hydrogensulfide_hydrogensulfide,13.0,1.0,tetrahedral
238,mn,3.0,hydroxyl_hydroxyl_hydroxyl_hydroxyl,9.0,1.0,tetrahedral
239,mn,3.0,iodide_iodide_iodide_iodide,5.0,1.0,tetrahedral
240,mn,3.0,mebipy_mebipy_mebipy_mebipy,53.0,1.0,tetrahedral
241,mn,3.0,mec_mec_mec_mec,31.0,1.0,tetrahedral
242,mn,3.0,methylamine_methylamine_methylamine_methylamine,29.0,1.0,tetrahedral
243,mn,3.0,misc_misc_misc_misc,25.0,1.0,tetrahedral
244,mn,3.0,ncs_ncs_ncs_ncs,13.0,1.0,tetrahedral
246,mn,3.0,phen_phen_phen_phen,45.0,1.0,tetrahedral
250,mn,3.0,pyridine_pyridine_pyridine_pyridine,45.0,1.0,tetrahedral
251,mn,3.0,scn_scn_scn_scn,13.0,1.0,tetrahedral
252,mn,3.0,tbuc_tbuc_tbuc_tbuc,49.0,1.0,tetrahedral
253,mn,3.0,thiopyridine_thiopyridine_thiopyridine_thiopyridine,49.0,1.0,tetrahedral
262,ni,2.0,chloride_chloride_chloride_chloride,5.0,1.0,tetrahedral
270,ni,2.0,hydroxyl_hydroxyl_hydroxyl_hydroxyl,9.0,1.0,tetrahedral
287,co,2.0,acetonitrile_chloride_chloride_chloride,10.0,2.0,tetrahedral
288,co,2.0,acetonitrile_fluoride_fluoride_fluoride,10.0,2.0,tetrahedral
289,co,2.0,acetonitrile_acetonitrile_chloride_chloride,15.0,2.0,tetrahedral
290,co,2.0,acetonitrile_acetonitrile_fluoride_fluoride,15.0,2.0,tetrahedral
291,co,2.0,acetonitrile_acetonitrile_acetonitrile_chloride,20.0,2.0,tetrahedral
292,co,2.0,acetonitrile_acetonitrile_acetonitrile_fluoride,20.0,2.0,tetrahedral
293,co,2.0,ammonia_fluoride_fluoride_fluoride,8.0,2.0,tetrahedral
297,co,2.0,cn_chloride_chloride_chloride,6.0,2.0,tetrahedral
298,co,2.0,cn_fluoride_fluoride_fluoride,6.0,2.0,tetrahedral
301,co,2.0,fluoride_chloride_chloride_chloride,5.0,2.0,tetrahedral
302,co,2.0,fluoride_iodide_iodide_iodide,5.0,2.0,tetrahedral
303,co,2.0,fluoride_fluoride_chloride_chloride,5.0,2.0,tetrahedral
305,co,2.0,formaldehyde_chloride_chloride_chloride,8.0,2.0,tetrahedral
306,co,2.0,formaldehyde_formaldehyde_chloride_chloride,11.0,2.0,tetrahedral
308,co,2.0,formaldehyde_formaldehyde_formaldehyde_chloride,14.0,2.0,tetrahedral
311,co,2.0,scn_scn_chloride_chloride,9.0,2.0,tetrahedral
312,co,2.0,scn_scn_scn_chloride,11.0,2.0,tetrahedral
313,co,2.0,scn_scn_scn_fluoride,11.0,2.0,tetrahedral
314,co,3.0,benzisc_chloride_chloride_chloride,20.0,1.0,tetrahedral
315,co,3.0,formaldehyde_chloride_chloride_chloride,8.0,1.0,tetrahedral
316,co,3.0,formaldehyde_formaldehyde_formaldehyde_chloride,14.0,1.0,tetrahedral
318,co,3.0,ncs_chloride_chloride_chloride,7.0,1.0,tetrahedral
319,co,3.0,ncs_ncs_chloride_chloride,9.0,1.0,tetrahedral
320,co,3.0,ncs_ncs_ncs_chloride,11.0,1.0,tetrahedral
323,co,3.0,thiopyridine_chloride_chloride_chloride,16.0,1.0,tetrahedral
324,cr,2.0,chloride_chloride_chloride_hydroxyl,6.0,1.0,tetrahedral
325,cr,2.0,fluoride_chloride_chloride_chloride,5.0,1.0,tetrahedral
326,cr,2.0,fluoride_hydroxyl_hydroxyl_hydroxyl,8.0,1.0,tetrahedral
327,cr,2.0,fluoride_iodide_iodide_iodide,5.0,1.0,tetrahedral
328,cr,2.0,fluoride_s2-_s2-_s2-,5.0,1.0,tetrahedral
329,cr,2.0,fluoride_fluoride_hydroxyl_hydroxyl,7.0,1.0,tetrahedral
330,cr,2.0,fluoride_fluoride_iodide_iodide,5.0,1.0,tetrahedral
331,cr,2.0,fluoride_fluoride_s2-_s2-,5.0,1.0,tetrahedral
332,cr,2.0,fluoride_fluoride_fluoride_hydroxyl,6.0,1.0,tetrahedral
333,cr,2.0,fluoride_fluoride_fluoride_s2-,5.0,1.0,tetrahedral
334,cr,3.0,chloride_chloride_hydroxyl_hydroxyl,7.0,2.0,tetrahedral
335,cr,3.0,chloride_chloride_chloride_hydroxyl,6.0,2.0,tetrahedral
336,cr,3.0,cyanopyridine_chloride_chloride_chloride,16.0,2.0,tetrahedral
337,cr,3.0,cyanopyridine_fluoride_fluoride_fluoride,16.0,2.0,tetrahedral
338,cr,3.0,cyanopyridine_cyanopyridine_chloride_chloride,27.0,2.0,tetrahedral
339,cr,3.0,cyanopyridine_cyanopyridine_cyanopyridine_chloride,38.0,2.0,tetrahedral
340,cr,3.0,cyanopyridine_cyanopyridine_cyanopyridine_fluoride,38.0,2.0,tetrahedral
341,cr,3.0,fluoride_chloride_chloride_chloride,5.0,2.0,tetrahedral
342,cr,3.0,fluoride_hydrogensulfide_hydrogensulfide_hydrogensulfide,11.0,2.0,tetrahedral
343,cr,3.0,fluoride_hydroxyl_hydroxyl_hydroxyl,8.0,2.0,tetrahedral
344,cr,3.0,fluoride_iodide_iodide_iodide,5.0,2.0,tetrahedral
345,cr,3.0,fluoride_fluoride_chloride_chloride,5.0,2.0,tetrahedral
346,cr,3.0,fluoride_fluoride_hydroxyl_hydroxyl,7.0,2.0,tetrahedral
347,cr,3.0,fluoride_fluoride_iodide_iodide,5.0,2.0,tetrahedral
348,cr,3.0,fluoride_fluoride_fluoride_chloride,5.0,2.0,tetrahedral
349,cr,3.0,fluoride_fluoride_fluoride_hydroxyl,6.0,2.0,tetrahedral
350,cr,3.0,fluoride_fluoride_fluoride_iodide,5.0,2.0,tetrahedral
351,cr,3.0,formaldehyde_formaldehyde_fluoride_fluoride,11.0,2.0,tetrahedral
352,cr,3.0,formaldehyde_formaldehyde_formaldehyde_fluoride,14.0,2.0,tetrahedral
353,cr,3.0,ncs_chloride_chloride_chloride,7.0,2.0,tetrahedral
354,cr,3.0,ncs_fluoride_fluoride_fluoride,7.0,2.0,tetrahedral
355,cr,3.0,ncs_ncs_chloride_chloride,9.0,2.0,tetrahedral
356,cr,3.0,ncs_ncs_fluoride_fluoride,9.0,2.0,tetrahedral
357,cr,3.0,ncs_ncs_ncs_chloride,11.0,2.0,tetrahedral
358,cr,3.0,ncs_ncs_ncs_fluoride,11.0,2.0,tetrahedral
359,cr,3.0,pyridine_chloride_chloride_chloride,15.0,2.0,tetrahedral
360,cr,3.0,pyridine_fluoride_fluoride_fluoride,15.0,2.0,tetrahedral
361,cr,3.0,pyridine_pyridine_chloride_chloride,25.0,2.0,tetrahedral
362,cr,3.0,pyridine_pyridine_fluoride_fluoride,25.0,2.0,tetrahedral
363,cr,3.0,pyridine_pyridine_pyridine_chloride,35.0,2.0,tetrahedral
364,cr,3.0,pyridine_pyridine_pyridine_fluoride,35.0,2.0,tetrahedral
365,cr,3.0,scn_chloride_chloride_chloride,7.0,2.0,tetrahedral
366,cr,3.0,scn_scn_chloride_chloride,9.0,2.0,tetrahedral
367,cr,3.0,scn_scn_fluoride_fluoride,9.0,2.0,tetrahedral
368,cr,3.0,scn_scn_scn_chloride,11.0,2.0,tetrahedral
369,cr,3.0,scn_scn_scn_fluoride,11.0,2.0,tetrahedral
370,cr,3.0,thiopyridine_chloride_chloride_chloride,16.0,2.0,tetrahedral
371,cr,3.0,thiopyridine_fluoride_fluoride_fluoride,16.0,2.0,tetrahedral
372,cr,3.0,thiopyridine_thiopyridine_chloride_chloride,27.0,2.0,tetrahedral
373,cr,3.0,thiopyridine_thiopyridine_fluoride_fluoride,27.0,2.0,tetrahedral
374,cr,3.0,thiopyridine_thiopyridine_thiopyridine_chloride,38.0,2.0,tetrahedral
375,cr,3.0,thiopyridine_thiopyridine_thiopyridine_fluoride,38.0,2.0,tetrahedral
376,fe,2.0,cyanate_chloride_chloride_chloride,7.0,1.0,tetrahedral
377,fe,2.0,cyanate_cyanate_chloride_chloride,9.0,1.0,tetrahedral
380,fe,2.0,cyanate_cyanate_cyanate_chloride,11.0,1.0,tetrahedral
381,fe,2.0,fluoride_chloride_chloride_chloride,5.0,1.0,tetrahedral
383,fe,2.0,fluoride_iodide_iodide_iodide,5.0,1.0,tetrahedral
384,fe,2.0,fluoride_fluoride_chloride_chloride,5.0,1.0,tetrahedral
387,fe,2.0,formaldehyde_chloride_chloride_chloride,8.0,1.0,tetrahedral
388,fe,2.0,formaldehyde_fluoride_fluoride_fluoride,8.0,1.0,tetrahedral
390,fe,2.0,formaldehyde_formaldehyde_chloride_chloride,11.0,1.0,tetrahedral
391,fe,2.0,formaldehyde_formaldehyde_fluoride_fluoride,11.0,1.0,tetrahedral
396,fe,2.0,furan_furan_chloride_chloride,21.0,1.0,tetrahedral
399,fe,2.0,furan_furan_furan_chloride,29.0,1.0,tetrahedral
401,fe,2.0,ncs_chloride_chloride_chloride,7.0,1.0,tetrahedral
402,fe,2.0,ncs_fluoride_fluoride_fluoride,7.0,1.0,tetrahedral
403,fe,2.0,ncs_ncs_chloride_chloride,9.0,1.0,tetrahedral
406,fe,2.0,ncs_ncs_ncs_chloride,11.0,1.0,tetrahedral
409,fe,2.0,pyridine_chloride_chloride_chloride,15.0,1.0,tetrahedral
412,fe,2.0,pyridine_pyridine_chloride_chloride,25.0,1.0,tetrahedral
415,fe,2.0,pyridine_pyridine_pyridine_chloride,35.0,1.0,tetrahedral
418,fe,2.0,scn_chloride_chloride_chloride,7.0,1.0,tetrahedral
420,fe,2.0,scn_scn_chloride_chloride,9.0,1.0,tetrahedral
421,fe,2.0,scn_scn_fluoride_fluoride,9.0,1.0,tetrahedral
423,fe,2.0,scn_scn_scn_chloride,11.0,1.0,tetrahedral
426,fe,2.0,water_chloride_chloride_chloride,7.0,1.0,tetrahedral
428,fe,2.0,water_iodide_iodide_iodide,7.0,1.0,tetrahedral
435,fe,2.0,water_water_water_iodide,11.0,1.0,tetrahedral
436,fe,3.0,acetonitrile_chloride_chloride_chloride,10.0,2.0,tetrahedral
437,fe,3.0,acetonitrile_fluoride_fluoride_fluoride,10.0,2.0,tetrahedral
440,fe,3.0,ammonia_chloride_chloride_chloride,8.0,2.0,tetrahedral
441,fe,3.0,ammonia_fluoride_fluoride_fluoride,8.0,2.0,tetrahedral
444,fe,3.0,benzisc_fluoride_fluoride_fluoride,20.0,2.0,tetrahedral
445,fe,3.0,benzisc_benzisc_fluoride_fluoride,35.0,2.0,tetrahedral
447,fe,3.0,cyanopyridine_chloride_chloride_chloride,16.0,2.0,tetrahedral
448,fe,3.0,cyanopyridine_fluoride_fluoride_fluoride,16.0,2.0,tetrahedral
449,fe,3.0,cyanopyridine_cyanopyridine_cyanopyridine_chloride,38.0,2.0,tetrahedral
450,fe,3.0,cyanopyridine_cyanopyridine_cyanopyridine_fluoride,38.0,2.0,tetrahedral
451,fe,3.0,fluoride_chloride_chloride_chloride,5.0,2.0,tetrahedral
452,fe,3.0,fluoride_iodide_iodide_iodide,5.0,2.0,tetrahedral
453,fe,3.0,fluoride_fluoride_chloride_chloride,5.0,2.0,tetrahedral
454,fe,3.0,fluoride_fluoride_iodide_iodide,5.0,2.0,tetrahedral
455,fe,3.0,fluoride_fluoride_fluoride_chloride,5.0,2.0,tetrahedral
456,fe,3.0,fluoride_fluoride_fluoride_iodide,5.0,2.0,tetrahedral
457,fe,3.0,formaldehyde_fluoride_fluoride_fluoride,8.0,2.0,tetrahedral
458,fe,3.0,formaldehyde_formaldehyde_chloride_chloride,11.0,2.0,tetrahedral
460,fe,3.0,formaldehyde_formaldehyde_formaldehyde_chloride,14.0,2.0,tetrahedral
462,fe,3.0,methylamine_fluoride_fluoride_fluoride,11.0,2.0,tetrahedral
465,fe,3.0,ncs_chloride_chloride_chloride,7.0,2.0,tetrahedral
466,fe,3.0,ncs_fluoride_fluoride_fluoride,7.0,2.0,tetrahedral
467,fe,3.0,ncs_ncs_chloride_chloride,9.0,2.0,tetrahedral
468,fe,3.0,ncs_ncs_fluoride_fluoride,9.0,2.0,tetrahedral
469,fe,3.0,ncs_ncs_ncs_chloride,11.0,2.0,tetrahedral
470,fe,3.0,ncs_ncs_ncs_fluoride,11.0,2.0,tetrahedral
471,fe,3.0,pyridine_chloride_chloride_chloride,15.0,2.0,tetrahedral
472,fe,3.0,pyridine_fluoride_fluoride_fluoride,15.0,2.0,tetrahedral
474,fe,3.0,pyridine_pyridine_pyridine_chloride,35.0,2.0,tetrahedral
475,fe,3.0,pyridine_pyridine_pyridine_fluoride,35.0,2.0,tetrahedral
476,fe,3.0,scn_chloride_chloride_chloride,7.0,2.0,tetrahedral
477,fe,3.0,scn_fluoride_fluoride_fluoride,7.0,2.0,tetrahedral
478,fe,3.0,scn_scn_chloride_chloride,9.0,2.0,tetrahedral
479,fe,3.0,scn_scn_fluoride_fluoride,9.0,2.0,tetrahedral
480,fe,3.0,scn_scn_scn_chloride,11.0,2.0,tetrahedral
482,fe,3.0,thiopyridine_chloride_chloride_chloride,16.0,2.0,tetrahedral
483,fe,3.0,thiopyridine_fluoride_fluoride_fluoride,16.0,2.0,tetrahedral
485,fe,3.0,thiopyridine_thiopyridine_thiopyridine_chloride,38.0,2.0,tetrahedral
486,fe,3.0,thiopyridine_thiopyridine_thiopyridine_fluoride,38.0,2.0,tetrahedral
487,mn,2.0,chloride_chloride_chloride_hydroxyl,6.0,2.0,tetrahedral
488,mn,2.0,cyanate_chloride_chloride_chloride,7.0,2.0,tetrahedral
489,mn,2.0,cyanate_cyanate_chloride_chloride,9.0,2.0,tetrahedral
490,mn,2.0,cyanate_cyanate_cyanate_chloride,11.0,2.0,tetrahedral
491,mn,2.0,furan_chloride_chloride_chloride,13.0,2.0,tetrahedral
492,mn,2.0,furan_furan_chloride_chloride,21.0,2.0,tetrahedral
493,mn,2.0,furan_furan_furan_chloride,29.0,2.0,tetrahedral
494,mn,2.0,ncs_chloride_chloride_chloride,7.0,2.0,tetrahedral
495,mn,2.0,ncs_ncs_chloride_chloride,9.0,2.0,tetrahedral
496,mn,2.0,ncs_ncs_ncs_chloride,11.0,2.0,tetrahedral
497,mn,2.0,pph3_chloride_chloride_chloride,38.0,2.0,tetrahedral
498,mn,2.0,pph3_pph3_chloride_chloride,71.0,2.0,tetrahedral
499,mn,2.0,pph3_pph3_pph3_chloride,104.0,2.0,tetrahedral
500,mn,2.0,thiopyridine_chloride_chloride_chloride,16.0,2.0,tetrahedral
501,mn,2.0,thiopyridine_thiopyridine_chloride_chloride,27.0,2.0,tetrahedral
502,mn,2.0,thiopyridine_thiopyridine_thiopyridine_chloride,38.0,2.0,tetrahedral
503,mn,3.0,cyanopyridine_chloride_chloride_chloride,16.0,1.0,tetrahedral
504,mn,3.0,cyanopyridine_cyanopyridine_chloride_chloride,27.0,1.0,tetrahedral
505,mn,3.0,cyanopyridine_cyanopyridine_cyanopyridine_chloride,38.0,1.0,tetrahedral
506,mn,3.0,formaldehyde_chloride_chloride_chloride,8.0,1.0,tetrahedral
507,mn,3.0,formaldehyde_formaldehyde_chloride_chloride,11.0,1.0,tetrahedral
508,mn,3.0,pyridine_chloride_chloride_chloride,15.0,1.0,tetrahedral
509,mn,3.0,pyridine_pyridine_chloride_chloride,25.0,1.0,tetrahedral
510,mn,3.0,pyridine_pyridine_pyridine_chloride,35.0,1.0,tetrahedral
511,mn,3.0,thiopyridine_chloride_chloride_chloride,16.0,1.0,tetrahedral
512,mn,3.0,thiopyridine_thiopyridine_chloride_chloride,27.0,1.0,tetrahedral
513,mn,3.0,thiopyridine_thiopyridine_thiopyridine_chloride,38.0,1.0,tetrahedral
524,co,2.0,acetonitrile_iodide_iodide_iodide,10.0,2.0,tetrahedral
526,co,2.0,acetonitrile_acetonitrile_acetonitrile_iodide,20.0,2.0,tetrahedral
528,co,2.0,ammonia_ammonia_ammonia_iodide,14.0,2.0,tetrahedral
529,co,2.0,cn_iodide_iodide_iodide,6.0,2.0,tetrahedral
532,co,2.0,formaldehyde_iodide_iodide_iodide,8.0,2.0,tetrahedral
533,co,2.0,formaldehyde_formaldehyde_iodide_iodide,11.0,2.0,tetrahedral
534,co,2.0,formaldehyde_formaldehyde_formaldehyde_iodide,14.0,2.0,tetrahedral
535,co,2.0,scn_iodide_iodide_iodide,7.0,2.0,tetrahedral
536,co,2.0,scn_scn_iodide_iodide,9.0,2.0,tetrahedral
537,co,2.0,scn_scn_scn_iodide,11.0,2.0,tetrahedral
541,co,3.0,formaldehyde_iodide_iodide_iodide,8.0,1.0,tetrahedral
546,co,3.0,methylamine_methylamine_methylamine_iodide,23.0,1.0,tetrahedral
550,co,3.0,scn_iodide_iodide_iodide,7.0,1.0,tetrahedral
551,co,3.0,scn_scn_iodide_iodide,9.0,1.0,tetrahedral
556,cr,2.0,iodide_iodide_iodide_hydroxyl,6.0,1.0,tetrahedral
557,cr,3.0,cyanopyridine_iodide_iodide_iodide,16.0,2.0,tetrahedral
558,cr,3.0,cyanopyridine_cyanopyridine_iodide_iodide,27.0,2.0,tetrahedral
559,cr,3.0,cyanopyridine_cyanopyridine_cyanopyridine_iodide,38.0,2.0,tetrahedral
560,cr,3.0,formaldehyde_iodide_iodide_iodide,8.0,2.0,tetrahedral
561,cr,3.0,formaldehyde_formaldehyde_formaldehyde_iodide,14.0,2.0,tetrahedral
562,cr,3.0,iodide_hydrogensulfide_hydrogensulfide_hydrogensulfide,11.0,2.0,tetrahedral
563,cr,3.0,iodide_iodide_hydrogensulfide_hydrogensulfide,9.0,2.0,tetrahedral
564,cr,3.0,iodide_iodide_hydroxyl_hydroxyl,7.0,2.0,tetrahedral
565,cr,3.0,iodide_iodide_iodide_hydrogensulfide,7.0,2.0,tetrahedral
566,cr,3.0,iodide_iodide_iodide_hydroxyl,6.0,2.0,tetrahedral
567,cr,3.0,ncs_iodide_iodide_iodide,7.0,2.0,tetrahedral
568,cr,3.0,ncs_ncs_iodide_iodide,9.0,2.0,tetrahedral
569,cr,3.0,ncs_ncs_ncs_iodide,11.0,2.0,tetrahedral
570,cr,3.0,pyridine_iodide_iodide_iodide,15.0,2.0,tetrahedral
571,cr,3.0,pyridine_pyridine_iodide_iodide,25.0,2.0,tetrahedral
572,cr,3.0,pyridine_pyridine_pyridine_iodide,35.0,2.0,tetrahedral
573,cr,3.0,scn_iodide_iodide_iodide,7.0,2.0,tetrahedral
574,cr,3.0,scn_scn_iodide_iodide,9.0,2.0,tetrahedral
575,cr,3.0,scn_scn_scn_iodide,11.0,2.0,tetrahedral
576,cr,3.0,thiopyridine_iodide_iodide_iodide,16.0,2.0,tetrahedral
577,cr,3.0,thiopyridine_thiopyridine_iodide_iodide,27.0,2.0,tetrahedral
578,cr,3.0,thiopyridine_thiopyridine_thiopyridine_iodide,38.0,2.0,tetrahedral
579,fe,2.0,cyanate_iodide_iodide_iodide,7.0,1.0,tetrahedral
580,fe,2.0,cyanate_cyanate_iodide_iodide,9.0,1.0,tetrahedral
581,fe,2.0,cyanate_cyanate_cyanate_iodide,11.0,1.0,tetrahedral
582,fe,2.0,formaldehyde_iodide_iodide_iodide,8.0,1.0,tetrahedral
583,fe,2.0,formaldehyde_formaldehyde_iodide_iodide,11.0,1.0,tetrahedral
585,fe,2.0,furan_iodide_iodide_iodide,13.0,1.0,tetrahedral
586,fe,2.0,furan_furan_iodide_iodide,21.0,1.0,tetrahedral
587,fe,2.0,furan_furan_furan_iodide,29.0,1.0,tetrahedral
589,fe,2.0,iodide_iodide_iodide_hydrogensulfide,7.0,1.0,tetrahedral
590,fe,2.0,ncs_iodide_iodide_iodide,7.0,1.0,tetrahedral
591,fe,2.0,ncs_ncs_iodide_iodide,9.0,1.0,tetrahedral
593,fe,2.0,pyridine_iodide_iodide_iodide,15.0,1.0,tetrahedral
594,fe,2.0,pyridine_pyridine_iodide_iodide,25.0,1.0,tetrahedral
596,fe,2.0,scn_iodide_iodide_iodide,7.0,1.0,tetrahedral
597,fe,2.0,scn_scn_iodide_iodide,9.0,1.0,tetrahedral
598,fe,2.0,scn_scn_scn_iodide,11.0,1.0,tetrahedral
599,fe,3.0,acetonitrile_iodide_iodide_iodide,10.0,2.0,tetrahedral
602,fe,3.0,ammonia_iodide_iodide_iodide,8.0,2.0,tetrahedral
608,fe,3.0,cyanopyridine_iodide_iodide_iodide,16.0,2.0,tetrahedral
610,fe,3.0,cyanopyridine_cyanopyridine_cyanopyridine_iodide,38.0,2.0,tetrahedral
612,fe,3.0,formaldehyde_formaldehyde_iodide_iodide,11.0,2.0,tetrahedral
613,fe,3.0,formaldehyde_formaldehyde_formaldehyde_iodide,14.0,2.0,tetrahedral
617,fe,3.0,ncs_iodide_iodide_iodide,7.0,2.0,tetrahedral
618,fe,3.0,ncs_ncs_iodide_iodide,9.0,2.0,tetrahedral
619,fe,3.0,ncs_ncs_ncs_iodide,11.0,2.0,tetrahedral
620,fe,3.0,pyridine_iodide_iodide_iodide,15.0,2.0,tetrahedral
622,fe,3.0,pyridine_pyridine_pyridine_iodide,35.0,2.0,tetrahedral
623,fe,3.0,scn_iodide_iodide_iodide,7.0,2.0,tetrahedral
624,fe,3.0,scn_scn_iodide_iodide,9.0,2.0,tetrahedral
625,fe,3.0,scn_scn_scn_iodide,11.0,2.0,tetrahedral
626,fe,3.0,thiopyridine_iodide_iodide_iodide,16.0,2.0,tetrahedral
628,fe,3.0,thiopyridine_thiopyridine_thiopyridine_iodide,38.0,2.0,tetrahedral
629,mn,2.0,cyanate_iodide_iodide_iodide,7.0,2.0,tetrahedral
630,mn,2.0,cyanate_cyanate_iodide_iodide,9.0,2.0,tetrahedral
631,mn,2.0,cyanate_cyanate_cyanate_iodide,11.0,2.0,tetrahedral
632,mn,2.0,furan_iodide_iodide_iodide,13.0,2.0,tetrahedral
633,mn,2.0,furan_furan_iodide_iodide,21.0,2.0,tetrahedral
634,mn,2.0,furan_furan_furan_iodide,29.0,2.0,tetrahedral
635,mn,2.0,iodide_iodide_iodide_hydroxyl,6.0,2.0,tetrahedral
636,mn,2.0,ncs_iodide_iodide_iodide,7.0,2.0,tetrahedral
637,mn,2.0,ncs_ncs_iodide_iodide,9.0,2.0,tetrahedral
638,mn,2.0,ncs_ncs_ncs_iodide,11.0,2.0,tetrahedral
639,mn,2.0,pph3_iodide_iodide_iodide,38.0,2.0,tetrahedral
640,mn,2.0,pph3_pph3_iodide_iodide,71.0,2.0,tetrahedral
641,mn,2.0,pph3_pph3_pph3_iodide,104.0,2.0,tetrahedral
642,mn,2.0,thiopyridine_iodide_iodide_iodide,16.0,2.0,tetrahedral
643,mn,2.0,thiopyridine_thiopyridine_iodide_iodide,27.0,2.0,tetrahedral
644,mn,2.0,thiopyridine_thiopyridine_thiopyridine_iodide,38.0,2.0,tetrahedral
645,mn,3.0,cyanopyridine_iodide_iodide_iodide,16.0,1.0,tetrahedral
646,mn,3.0,cyanopyridine_cyanopyridine_iodide_iodide,27.0,1.0,tetrahedral
647,mn,3.0,cyanopyridine_cyanopyridine_cyanopyridine_iodide,38.0,1.0,tetrahedral
648,mn,3.0,formaldehyde_iodide_iodide_iodide,8.0,1.0,tetrahedral
649,mn,3.0,formaldehyde_formaldehyde_iodide_iodide,11.0,1.0,tetrahedral
651,mn,3.0,pyridine_iodide_iodide_iodide,15.0,1.0,tetrahedral
652,mn,3.0,pyridine_pyridine_iodide_iodide,25.0,1.0,tetrahedral
653,mn,3.0,pyridine_pyridine_pyridine_iodide,35.0,1.0,tetrahedral
654,mn,3.0,thiopyridine_iodide_iodide_iodide,16.0,1.0,tetrahedral
655,mn,3.0,thiopyridine_thiopyridine_iodide_iodide,27.0,1.0,tetrahedral
656,mn,3.0,thiopyridine_thiopyridine_thiopyridine_iodide,38.0,1.0,tetrahedral
660,co,2.0,ammonia_formaldehyde_formaldehyde_formaldehyde,17.0,2.0,tetrahedral
667,co,2.0,scn_scn_formaldehyde_formaldehyde,15.0,2.0,tetrahedral
676,co,3.0,formaldehyde_formaldehyde_formaldehyde_methylamine,20.0,1.0,tetrahedral
679,co,3.0,ncs_formaldehyde_formaldehyde_formaldehyde,16.0,1.0,tetrahedral
696,cr,3.0,cyanopyridine_formaldehyde_formaldehyde_formaldehyde,25.0,2.0,tetrahedral
697,cr,3.0,cyanopyridine_cyanopyridine_formaldehyde_formaldehyde,33.0,2.0,tetrahedral
698,cr,3.0,cyanopyridine_cyanopyridine_cyanopyridine_formaldehyde,41.0,2.0,tetrahedral
699,cr,3.0,formaldehyde_hydrogensulfide_hydrogensulfide_hydrogensulfide,14.0,2.0,tetrahedral
700,cr,3.0,formaldehyde_pyridine_pyridine_pyridine,38.0,2.0,tetrahedral
701,cr,3.0,formaldehyde_thiopyridine_thiopyridine_thiopyridine,41.0,2.0,tetrahedral
702,cr,3.0,formaldehyde_formaldehyde_hydrogensulfide_hydrogensulfide,15.0,2.0,tetrahedral
703,cr,3.0,formaldehyde_formaldehyde_hydroxyl_hydroxyl,13.0,2.0,tetrahedral
704,cr,3.0,formaldehyde_formaldehyde_pyridine_pyridine,31.0,2.0,tetrahedral
705,cr,3.0,formaldehyde_formaldehyde_thiopyridine_thiopyridine,33.0,2.0,tetrahedral
706,cr,3.0,formaldehyde_formaldehyde_formaldehyde_hydrogensulfide,16.0,2.0,tetrahedral
707,cr,3.0,formaldehyde_formaldehyde_formaldehyde_hydroxyl,15.0,2.0,tetrahedral
708,cr,3.0,formaldehyde_formaldehyde_formaldehyde_pyridine,24.0,2.0,tetrahedral
710,cr,3.0,ncs_cyanopyridine_cyanopyridine_cyanopyridine,40.0,2.0,tetrahedral
711,cr,3.0,ncs_formaldehyde_formaldehyde_formaldehyde,16.0,2.0,tetrahedral
712,cr,3.0,ncs_hydrogensulfide_hydrogensulfide_hydrogensulfide,13.0,2.0,tetrahedral
713,cr,3.0,ncs_hydroxyl_hydroxyl_hydroxyl,10.0,2.0,tetrahedral
714,cr,3.0,ncs_pyridine_pyridine_pyridine,37.0,2.0,tetrahedral
715,cr,3.0,ncs_thiopyridine_thiopyridine_thiopyridine,40.0,2.0,tetrahedral
716,cr,3.0,ncs_ncs_cyanopyridine_cyanopyridine,31.0,2.0,tetrahedral
717,cr,3.0,ncs_ncs_formaldehyde_formaldehyde,15.0,2.0,tetrahedral
719,cr,3.0,ncs_ncs_hydroxyl_hydroxyl,11.0,2.0,tetrahedral
720,cr,3.0,ncs_ncs_pyridine_pyridine,29.0,2.0,tetrahedral
721,cr,3.0,ncs_ncs_thiopyridine_thiopyridine,31.0,2.0,tetrahedral
722,cr,3.0,ncs_ncs_ncs_cyanopyridine,22.0,2.0,tetrahedral
723,cr,3.0,ncs_ncs_ncs_formaldehyde,14.0,2.0,tetrahedral
724,cr,3.0,ncs_ncs_ncs_hydrogensulfide,13.0,2.0,tetrahedral
725,cr,3.0,ncs_ncs_ncs_hydroxyl,12.0,2.0,tetrahedral
726,cr,3.0,ncs_ncs_ncs_pyridine,21.0,2.0,tetrahedral
727,cr,3.0,ncs_ncs_ncs_thiopyridine,22.0,2.0,tetrahedral
728,cr,3.0,scn_formaldehyde_formaldehyde_formaldehyde,16.0,2.0,tetrahedral
729,cr,3.0,scn_ncs_ncs_ncs,13.0,2.0,tetrahedral
730,cr,3.0,scn_scn_formaldehyde_formaldehyde,15.0,2.0,tetrahedral
731,cr,3.0,scn_scn_ncs_ncs,13.0,2.0,tetrahedral
732,cr,3.0,scn_scn_scn_formaldehyde,14.0,2.0,tetrahedral
733,cr,3.0,scn_scn_scn_ncs,13.0,2.0,tetrahedral
753,fe,2.0,ncs_ncs_ncs_furan,19.0,1.0,tetrahedral
761,fe,3.0,acetonitrile_formaldehyde_formaldehyde_formaldehyde,19.0,2.0,tetrahedral
762,fe,3.0,acetonitrile_acetonitrile_formaldehyde_formaldehyde,21.0,2.0,tetrahedral
763,fe,3.0,acetonitrile_acetonitrile_acetonitrile_formaldehyde,23.0,2.0,tetrahedral
764,fe,3.0,ammonia_formaldehyde_formaldehyde_formaldehyde,17.0,2.0,tetrahedral
765,fe,3.0,ammonia_ammonia_formaldehyde_formaldehyde,17.0,2.0,tetrahedral
766,fe,3.0,ammonia_ammonia_ammonia_formaldehyde,17.0,2.0,tetrahedral
769,fe,3.0,benzisc_benzisc_benzisc_formaldehyde,53.0,2.0,tetrahedral
772,fe,3.0,cyanopyridine_cyanopyridine_cyanopyridine_formaldehyde,41.0,2.0,tetrahedral
773,fe,3.0,formaldehyde_methylamine_methylamine_methylamine,26.0,2.0,tetrahedral
774,fe,3.0,formaldehyde_pyridine_pyridine_pyridine,38.0,2.0,tetrahedral
775,fe,3.0,formaldehyde_thiopyridine_thiopyridine_thiopyridine,41.0,2.0,tetrahedral
776,fe,3.0,formaldehyde_formaldehyde_methylamine_methylamine,23.0,2.0,tetrahedral
778,fe,3.0,formaldehyde_formaldehyde_thiopyridine_thiopyridine,33.0,2.0,tetrahedral
779,fe,3.0,formaldehyde_formaldehyde_formaldehyde_methylamine,20.0,2.0,tetrahedral
785,fe,3.0,ncs_cyanopyridine_cyanopyridine_cyanopyridine,40.0,2.0,tetrahedral
786,fe,3.0,ncs_formaldehyde_formaldehyde_formaldehyde,16.0,2.0,tetrahedral
788,fe,3.0,ncs_pyridine_pyridine_pyridine,37.0,2.0,tetrahedral
789,fe,3.0,ncs_thiopyridine_thiopyridine_thiopyridine,40.0,2.0,tetrahedral
793,fe,3.0,ncs_ncs_cyanopyridine_cyanopyridine,31.0,2.0,tetrahedral
796,fe,3.0,ncs_ncs_pyridine_pyridine,29.0,2.0,tetrahedral
797,fe,3.0,ncs_ncs_thiopyridine_thiopyridine,31.0,2.0,tetrahedral
798,fe,3.0,ncs_ncs_ncs_acetonitrile,16.0,2.0,tetrahedral
799,fe,3.0,ncs_ncs_ncs_ammonia,14.0,2.0,tetrahedral
800,fe,3.0,ncs_ncs_ncs_benzisc,26.0,2.0,tetrahedral
801,fe,3.0,ncs_ncs_ncs_cyanopyridine,22.0,2.0,tetrahedral
802,fe,3.0,ncs_ncs_ncs_formaldehyde,14.0,2.0,tetrahedral
803,fe,3.0,ncs_ncs_ncs_methylamine,17.0,2.0,tetrahedral
804,fe,3.0,ncs_ncs_ncs_pyridine,21.0,2.0,tetrahedral
805,fe,3.0,ncs_ncs_ncs_thiopyridine,22.0,2.0,tetrahedral
807,fe,3.0,scn_ncs_ncs_ncs,13.0,2.0,tetrahedral
810,fe,3.0,scn_scn_scn_formaldehyde,14.0,2.0,tetrahedral
811,fe,3.0,scn_scn_scn_ncs,13.0,2.0,tetrahedral
812,mn,2.0,ncs_cyanate_cyanate_cyanate,13.0,2.0,tetrahedral
813,mn,2.0,ncs_furan_furan_furan,31.0,2.0,tetrahedral
814,mn,2.0,ncs_pph3_pph3_pph3,106.0,2.0,tetrahedral
815,mn,2.0,ncs_thiopyridine_thiopyridine_thiopyridine,40.0,2.0,tetrahedral
816,mn,2.0,ncs_ncs_cyanate_cyanate,13.0,2.0,tetrahedral
820,mn,2.0,ncs_ncs_ncs_furan,19.0,2.0,tetrahedral
822,mn,2.0,ncs_ncs_ncs_pph3,44.0,2.0,tetrahedral
823,mn,2.0,ncs_ncs_ncs_thiopyridine,22.0,2.0,tetrahedral
824,mn,3.0,cyanopyridine_formaldehyde_formaldehyde_formaldehyde,25.0,1.0,tetrahedral
825,mn,3.0,cyanopyridine_cyanopyridine_formaldehyde_formaldehyde,33.0,1.0,tetrahedral
826,mn,3.0,cyanopyridine_cyanopyridine_cyanopyridine_formaldehyde,41.0,1.0,tetrahedral
827,mn,3.0,formaldehyde_pyridine_pyridine_pyridine,38.0,1.0,tetrahedral
828,mn,3.0,formaldehyde_thiopyridine_thiopyridine_thiopyridine,41.0,1.0,tetrahedral
831,mn,3.0,formaldehyde_formaldehyde_formaldehyde_pyridine,24.0,1.0,tetrahedral
832,mn,3.0,formaldehyde_formaldehyde_formaldehyde_thiopyridine,25.0,1.0,tetrahedral
840,co,2.0,scn_scn_scn_ammonia,14.0,2.0,tetrahedral
841,cr,3.0,cyanopyridine_pyridine_pyridine_pyridine,46.0,2.0,tetrahedral
842,cr,3.0,cyanopyridine_cyanopyridine_pyridine_pyridine,47.0,2.0,tetrahedral
843,cr,3.0,cyanopyridine_cyanopyridine_cyanopyridine_pyridine,48.0,2.0,tetrahedral
845,cr,3.0,pyridine_hydroxyl_hydroxyl_hydroxyl,18.0,2.0,tetrahedral
846,cr,3.0,pyridine_thiopyridine_thiopyridine_thiopyridine,48.0,2.0,tetrahedral
847,cr,3.0,pyridine_pyridine_hydrogensulfide_hydrogensulfide,29.0,2.0,tetrahedral
848,cr,3.0,pyridine_pyridine_hydroxyl_hydroxyl,27.0,2.0,tetrahedral
849,cr,3.0,pyridine_pyridine_pyridine_hydrogensulfide,37.0,2.0,tetrahedral
850,cr,3.0,pyridine_pyridine_pyridine_thiopyridine,46.0,2.0,tetrahedral
853,cr,3.0,scn_scn_scn_pyridine,21.0,2.0,tetrahedral
859,fe,2.0,cyanate_cyanate_cyanate_hydrogensulfide,13.0,1.0,tetrahedral
860,fe,2.0,cyanate_cyanate_cyanate_pyridine,21.0,1.0,tetrahedral
870,fe,2.0,scn_scn_scn_pyridine,21.0,1.0,tetrahedral
871,fe,3.0,acetonitrile_ammonia_ammonia_ammonia,19.0,2.0,tetrahedral
872,fe,3.0,acetonitrile_pyridine_pyridine_pyridine,40.0,2.0,tetrahedral
875,fe,3.0,acetonitrile_acetonitrile_acetonitrile_ammonia,23.0,2.0,tetrahedral
878,fe,3.0,ammonia_cyanopyridine_cyanopyridine_cyanopyridine,41.0,2.0,tetrahedral
879,fe,3.0,ammonia_methylamine_methylamine_methylamine,26.0,2.0,tetrahedral
880,fe,3.0,ammonia_pyridine_pyridine_pyridine,38.0,2.0,tetrahedral
884,fe,3.0,ammonia_ammonia_methylamine_methylamine,23.0,2.0,tetrahedral
888,fe,3.0,ammonia_ammonia_ammonia_methylamine,20.0,2.0,tetrahedral
894,fe,3.0,cyanopyridine_pyridine_pyridine_pyridine,46.0,2.0,tetrahedral
895,fe,3.0,cyanopyridine_cyanopyridine_pyridine_pyridine,47.0,2.0,tetrahedral
896,fe,3.0,cyanopyridine_cyanopyridine_cyanopyridine_pyridine,48.0,2.0,tetrahedral
898,fe,3.0,methylamine_methylamine_pyridine_pyridine,37.0,2.0,tetrahedral
899,fe,3.0,methylamine_methylamine_methylamine_pyridine,33.0,2.0,tetrahedral
905,fe,3.0,scn_scn_pyridine_pyridine,29.0,2.0,tetrahedral
907,fe,3.0,scn_scn_scn_pyridine,21.0,2.0,tetrahedral
910,mn,2.0,cyanate_pph3_pph3_pph3,106.0,2.0,tetrahedral
911,mn,2.0,cyanate_cyanate_hydroxyl_hydroxyl,11.0,2.0,tetrahedral
912,mn,2.0,cyanate_cyanate_pph3_pph3,75.0,2.0,tetrahedral
914,mn,2.0,cyanate_cyanate_cyanate_furan,19.0,2.0,tetrahedral
915,mn,2.0,cyanate_cyanate_cyanate_pph3,44.0,2.0,tetrahedral
916,mn,2.0,cyanate_cyanate_cyanate_thiopyridine,22.0,2.0,tetrahedral
917,mn,3.0,cyanopyridine_pyridine_pyridine_pyridine,46.0,1.0,tetrahedral
918,mn,3.0,cyanopyridine_cyanopyridine_pyridine_pyridine,47.0,1.0,tetrahedral
919,mn,3.0,cyanopyridine_cyanopyridine_cyanopyridine_pyridine,48.0,1.0,tetrahedral
920,mn,3.0,pyridine_thiopyridine_thiopyridine_thiopyridine,48.0,1.0,tetrahedral
921,mn,3.0,pyridine_pyridine_thiopyridine_thiopyridine,47.0,1.0,tetrahedral
922,mn,3.0,pyridine_pyridine_pyridine_thiopyridine,46.0,1.0,tetrahedral
962,co,3.0,scn_scn_scn_methylamine,17.0,1.0,tetrahedral
964,cr,2.0,hydroxyl_s2-_s2-_s2-,6.0,1.0,tetrahedral
965,cr,2.0,hydroxyl_hydroxyl_s2-_s2-,7.0,1.0,tetrahedral
966,cr,2.0,hydroxyl_hydroxyl_hydroxyl_s2-,8.0,1.0,tetrahedral
968,cr,3.0,cyanopyridine_hydroxyl_hydroxyl_hydroxyl,19.0,2.0,tetrahedral
969,cr,3.0,cyanopyridine_thiopyridine_thiopyridine_thiopyridine,49.0,2.0,tetrahedral
970,cr,3.0,cyanopyridine_cyanopyridine_hydrogensulfide_hydrogensulfide,31.0,2.0,tetrahedral
971,cr,3.0,cyanopyridine_cyanopyridine_hydroxyl_hydroxyl,29.0,2.0,tetrahedral
972,cr,3.0,cyanopyridine_cyanopyridine_thiopyridine_thiopyridine,49.0,2.0,tetrahedral
973,cr,3.0,cyanopyridine_cyanopyridine_cyanopyridine_hydrogensulfide,40.0,2.0,tetrahedral
974,cr,3.0,cyanopyridine_cyanopyridine_cyanopyridine_hydroxyl,39.0,2.0,tetrahedral
975,cr,3.0,cyanopyridine_cyanopyridine_cyanopyridine_thiopyridine,49.0,2.0,tetrahedral
976,cr,3.0,hydroxyl_hydrogensulfide_hydrogensulfide_hydrogensulfide,12.0,2.0,tetrahedral
977,cr,3.0,hydroxyl_hydroxyl_hydrogensulfide_hydrogensulfide,11.0,2.0,tetrahedral
982,cr,3.0,scn_scn_hydroxyl_hydroxyl,11.0,2.0,tetrahedral
984,cr,3.0,scn_scn_scn_cyanopyridine,22.0,2.0,tetrahedral
985,cr,3.0,scn_scn_scn_hydrogensulfide,13.0,2.0,tetrahedral
986,cr,3.0,scn_scn_scn_hydroxyl,12.0,2.0,tetrahedral
987,cr,3.0,scn_scn_scn_thiopyridine,22.0,2.0,tetrahedral
988,cr,3.0,thiopyridine_hydroxyl_hydroxyl_hydroxyl,19.0,2.0,tetrahedral
990,cr,3.0,thiopyridine_thiopyridine_hydroxyl_hydroxyl,29.0,2.0,tetrahedral
991,cr,3.0,thiopyridine_thiopyridine_thiopyridine_hydrogensulfide,40.0,2.0,tetrahedral
992,cr,3.0,thiopyridine_thiopyridine_thiopyridine_hydroxyl,39.0,2.0,tetrahedral
1003,fe,3.0,acetonitrile_methylamine_methylamine_methylamine,28.0,2.0,tetrahedral
1004,fe,3.0,acetonitrile_thiopyridine_thiopyridine_thiopyridine,43.0,2.0,tetrahedral
1007,fe,3.0,acetonitrile_acetonitrile_methylamine_methylamine,27.0,2.0,tetrahedral
1010,fe,3.0,acetonitrile_acetonitrile_acetonitrile_cyanopyridine,31.0,2.0,tetrahedral
1011,fe,3.0,acetonitrile_acetonitrile_acetonitrile_methylamine,26.0,2.0,tetrahedral
1024,fe,3.0,cyanopyridine_cyanopyridine_methylamine_methylamine,39.0,2.0,tetrahedral
1025,fe,3.0,cyanopyridine_cyanopyridine_cyanopyridine_methylamine,44.0,2.0,tetrahedral
1033,fe,3.0,scn_thiopyridine_thiopyridine_thiopyridine,40.0,2.0,tetrahedral
1035,fe,3.0,scn_scn_benzisc_benzisc,39.0,2.0,tetrahedral
1036,fe,3.0,scn_scn_cyanopyridine_cyanopyridine,31.0,2.0,tetrahedral
1038,fe,3.0,scn_scn_thiopyridine_thiopyridine,31.0,2.0,tetrahedral
1040,fe,3.0,scn_scn_scn_benzisc,26.0,2.0,tetrahedral
1041,fe,3.0,scn_scn_scn_cyanopyridine,22.0,2.0,tetrahedral
1042,fe,3.0,scn_scn_scn_methylamine,17.0,2.0,tetrahedral
1043,fe,3.0,scn_scn_scn_thiopyridine,22.0,2.0,tetrahedral
1044,mn,2.0,furan_pph3_pph3_pph3,112.0,2.0,tetrahedral
1045,mn,2.0,furan_thiopyridine_thiopyridine_thiopyridine,46.0,2.0,tetrahedral
1046,mn,2.0,furan_furan_pph3_pph3,87.0,2.0,tetrahedral
1047,mn,2.0,furan_furan_furan_hydroxyl,30.0,2.0,tetrahedral
1048,mn,2.0,furan_furan_furan_pph3,62.0,2.0,tetrahedral
1049,mn,2.0,pph3_hydroxyl_hydroxyl_hydroxyl,41.0,2.0,tetrahedral
1050,mn,2.0,pph3_thiopyridine_thiopyridine_thiopyridine,71.0,2.0,tetrahedral
1051,mn,2.0,pph3_pph3_hydroxyl_hydroxyl,73.0,2.0,tetrahedral
1052,mn,2.0,pph3_pph3_thiopyridine_thiopyridine,93.0,2.0,tetrahedral
1053,mn,2.0,pph3_pph3_pph3_hydroxyl,105.0,2.0,tetrahedral
1054,mn,2.0,pph3_pph3_pph3_thiopyridine,115.0,2.0,tetrahedral
1055,mn,2.0,thiopyridine_hydroxyl_hydroxyl_hydroxyl,19.0,2.0,tetrahedral
1057,mn,2.0,thiopyridine_thiopyridine_thiopyridine_hydroxyl,39.0,2.0,tetrahedral
1058,mn,3.0,cyanopyridine_thiopyridine_thiopyridine_thiopyridine,49.0,1.0,tetrahedral
1059,mn,3.0,cyanopyridine_cyanopyridine_thiopyridine_thiopyridine,49.0,1.0,tetrahedral
10,co,2.0,en_en_en_en,25.0,4.0,square planar
63,cr,2.0,acac_acac_acac_acac,29.0,5.0,square planar
64,cr,2.0,aceticacidbipyridine_aceticacidbipyridine_aceticacidbipyridine_aceticacidbipyridine,65.0,5.0,square planar
65,cr,2.0,acetonitrile_acetonitrile_acetonitrile_acetonitrile,25.0,5.0,square planar
66,cr,2.0,ammonia_ammonia_ammonia_ammonia,17.0,5.0,square planar
67,cr,2.0,benzisc_benzisc_benzisc_benzisc,65.0,5.0,square planar
68,cr,2.0,bipy_bipy_bipy_bipy,41.0,5.0,square planar
69,cr,2.0,carbonyl_carbonyl_carbonyl_carbonyl,9.0,5.0,square planar
71,cr,2.0,cn_cn_cn_cn,9.0,5.0,square planar
72,cr,2.0,cyanopyridine_cyanopyridine_cyanopyridine_cyanopyridine,49.0,5.0,square planar
73,cr,2.0,en_en_en_en,25.0,5.0,square planar
75,cr,2.0,formaldehyde_formaldehyde_formaldehyde_formaldehyde,17.0,5.0,square planar
76,cr,2.0,furan_furan_furan_furan,37.0,5.0,square planar
77,cr,2.0,hydrogensulfide_hydrogensulfide_hydrogensulfide_hydrogensulfide,13.0,5.0,square planar
80,cr,2.0,mebipy_mebipy_mebipy_mebipy,53.0,5.0,square planar
81,cr,2.0,mec_mec_mec_mec,31.0,5.0,square planar
82,cr,2.0,methylamine_methylamine_methylamine_methylamine,29.0,5.0,square planar
83,cr,2.0,misc_misc_misc_misc,25.0,5.0,square planar
84,cr,2.0,ncs_ncs_ncs_ncs,13.0,5.0,square planar
85,cr,2.0,ox_ox_ox_ox,13.0,5.0,square planar
86,cr,2.0,phen_phen_phen_phen,45.0,5.0,square planar
87,cr,2.0,phenisc_phenisc_phenisc_phenisc,53.0,5.0,square planar
88,cr,2.0,phosphine_phosphine_phosphine_phosphine,17.0,5.0,square planar
89,cr,2.0,pisc_pisc_pisc_pisc,101.0,5.0,square planar
90,cr,2.0,pyridine_pyridine_pyridine_pyridine,45.0,5.0,square planar
92,cr,2.0,tbuc_tbuc_tbuc_tbuc,49.0,5.0,square planar
93,cr,2.0,thiopyridine_thiopyridine_thiopyridine_thiopyridine,49.0,5.0,square planar
94,cr,2.0,water_water_water_water,13.0,5.0,square planar
99,cr,3.0,benzisc_benzisc_benzisc_benzisc,65.0,4.0,square planar
107,cr,3.0,furan_furan_furan_furan,37.0,4.0,square planar
117,cr,3.0,phenisc_phenisc_phenisc_phenisc,53.0,4.0,square planar
119,cr,3.0,pisc_pisc_pisc_pisc,101.0,4.0,square planar
223,mn,3.0,acac_acac_acac_acac,29.0,5.0,square planar
225,mn,3.0,acetonitrile_acetonitrile_acetonitrile_acetonitrile,25.0,5.0,square planar
226,mn,3.0,ammonia_ammonia_ammonia_ammonia,17.0,5.0,square planar
227,mn,3.0,benzisc_benzisc_benzisc_benzisc,65.0,5.0,square planar
229,mn,3.0,carbonyl_carbonyl_carbonyl_carbonyl,9.0,5.0,square planar
231,mn,3.0,cn_cn_cn_cn,9.0,5.0,square planar
233,mn,3.0,en_en_en_en,25.0,5.0,square planar
234,mn,3.0,fluoride_fluoride_fluoride_fluoride,5.0,5.0,square planar
238,mn,3.0,hydroxyl_hydroxyl_hydroxyl_hydroxyl,9.0,5.0,square planar
241,mn,3.0,mec_mec_mec_mec,31.0,5.0,square planar
242,mn,3.0,methylamine_methylamine_methylamine_methylamine,29.0,5.0,square planar
243,mn,3.0,misc_misc_misc_misc,25.0,5.0,square planar
245,mn,3.0,ox_ox_ox_ox,13.0,5.0,square planar
248,mn,3.0,phosphine_phosphine_phosphine_phosphine,17.0,5.0,square planar
252,mn,3.0,tbuc_tbuc_tbuc_tbuc,49.0,5.0,square planar
254,mn,3.0,water_water_water_water,13.0,5.0,square planar
260,ni,2.0,bipy_bipy_bipy_bipy,41.0,3.0,square planar
265,ni,2.0,en_en_en_en,25.0,3.0,square planar
522,ni,2.0,thiopyridine_thiopyridine_fluoride_fluoride,27.0,3.0,square planar
561,cr,3.0,formaldehyde_formaldehyde_formaldehyde_iodide,14.0,4.0,square planar
562,cr,3.0,iodide_hydrogensulfide_hydrogensulfide_hydrogensulfide,11.0,4.0,square planar
696,cr,3.0,cyanopyridine_formaldehyde_formaldehyde_formaldehyde,25.0,4.0,square planar
701,cr,3.0,formaldehyde_thiopyridine_thiopyridine_thiopyridine,41.0,4.0,square planar
705,cr,3.0,formaldehyde_formaldehyde_thiopyridine_thiopyridine,33.0,4.0,square planar
709,cr,3.0,formaldehyde_formaldehyde_formaldehyde_thiopyridine,25.0,4.0,square planar
711,cr,3.0,ncs_formaldehyde_formaldehyde_formaldehyde,16.0,4.0,square planar
712,cr,3.0,ncs_hydrogensulfide_hydrogensulfide_hydrogensulfide,13.0,4.0,square planar
717,cr,3.0,ncs_ncs_formaldehyde_formaldehyde,15.0,4.0,square planar
718,cr,3.0,ncs_ncs_hydrogensulfide_hydrogensulfide,13.0,4.0,square planar
728,cr,3.0,scn_formaldehyde_formaldehyde_formaldehyde,16.0,4.0,square planar
844,cr,3.0,pyridine_hydrogensulfide_hydrogensulfide_hydrogensulfide,21.0,4.0,square planar
929,ni,2.0,cyanate_cyanate_pyridine_pyridine,29.0,3.0,square planar
967,cr,3.0,cyanopyridine_hydrogensulfide_hydrogensulfide_hydrogensulfide,22.0,4.0,square planar
969,cr,3.0,cyanopyridine_thiopyridine_thiopyridine_thiopyridine,49.0,4.0,square planar
970,cr,3.0,cyanopyridine_cyanopyridine_hydrogensulfide_hydrogensulfide,31.0,4.0,square planar
979,cr,3.0,scn_hydrogensulfide_hydrogensulfide_hydrogensulfide,13.0,4.0,square planar
989,cr,3.0,thiopyridine_thiopyridine_hydrogensulfide_hydrogensulfide,31.0,4.0,square planar
991,cr,3.0,thiopyridine_thiopyridine_thiopyridine_hydrogensulfide,40.0,4.0,square planar
0,co,2.0,acac_acac_acac_acac,29.0,2.0,square planar
2,co,2.0,acetonitrile_acetonitrile_acetonitrile_acetonitrile,25.0,2.0,square planar
3,co,2.0,ammonia_ammonia_ammonia_ammonia,17.0,2.0,square planar
5,co,2.0,carbonyl_carbonyl_carbonyl_carbonyl,9.0,2.0,square planar
7,co,2.0,cn_cn_cn_cn,9.0,2.0,square planar
9,co,2.0,cyanopyridine_cyanopyridine_cyanopyridine_cyanopyridine,49.0,2.0,square planar
10,co,2.0,en_en_en_en,25.0,2.0,square planar
11,co,2.0,fluoride_fluoride_fluoride_fluoride,5.0,2.0,square planar
12,co,2.0,formaldehyde_formaldehyde_formaldehyde_formaldehyde,17.0,2.0,square planar
14,co,2.0,hydrogensulfide_hydrogensulfide_hydrogensulfide_hydrogensulfide,13.0,2.0,square planar
15,co,2.0,hydroxyl_hydroxyl_hydroxyl_hydroxyl,9.0,2.0,square planar
18,co,2.0,mec_mec_mec_mec,31.0,2.0,square planar
19,co,2.0,methylamine_methylamine_methylamine_methylamine,29.0,2.0,square planar
20,co,2.0,misc_misc_misc_misc,25.0,2.0,square planar
21,co,2.0,ncs_ncs_ncs_ncs,13.0,2.0,square planar
22,co,2.0,ox_ox_ox_ox,13.0,2.0,square planar
24,co,2.0,phenisc_phenisc_phenisc_phenisc,53.0,2.0,square planar
25,co,2.0,phosphine_phosphine_phosphine_phosphine,17.0,2.0,square planar
26,co,2.0,pisc_pisc_pisc_pisc,101.0,2.0,square planar
27,co,2.0,pyridine_pyridine_pyridine_pyridine,45.0,2.0,square planar
29,co,2.0,tbuc_tbuc_tbuc_tbuc,49.0,2.0,square planar
30,co,2.0,thiopyridine_thiopyridine_thiopyridine_thiopyridine,49.0,2.0,square planar
31,co,2.0,water_water_water_water,13.0,2.0,square planar
34,co,3.0,acetonitrile_acetonitrile_acetonitrile_acetonitrile,25.0,1.0,square planar
36,co,3.0,benzisc_benzisc_benzisc_benzisc,65.0,1.0,square planar
38,co,3.0,carbonyl_carbonyl_carbonyl_carbonyl,9.0,1.0,square planar
41,co,3.0,cyanopyridine_cyanopyridine_cyanopyridine_cyanopyridine,49.0,1.0,square planar
46,co,3.0,hydroxyl_hydroxyl_hydroxyl_hydroxyl,9.0,1.0,square planar
49,co,3.0,mec_mec_mec_mec,31.0,1.0,square planar
51,co,3.0,misc_misc_misc_misc,25.0,1.0,square planar
53,co,3.0,ox_ox_ox_ox,13.0,1.0,square planar
55,co,3.0,phenisc_phenisc_phenisc_phenisc,53.0,1.0,square planar
57,co,3.0,pisc_pisc_pisc_pisc,101.0,1.0,square planar
58,co,3.0,pyridine_pyridine_pyridine_pyridine,45.0,1.0,square planar
60,co,3.0,tbuc_tbuc_tbuc_tbuc,49.0,1.0,square planar
64,cr,2.0,aceticacidbipyridine_aceticacidbipyridine_aceticacidbipyridine_aceticacidbipyridine,65.0,1.0,square planar
65,cr,2.0,acetonitrile_acetonitrile_acetonitrile_acetonitrile,25.0,1.0,square planar
66,cr,2.0,ammonia_ammonia_ammonia_ammonia,17.0,1.0,square planar
69,cr,2.0,carbonyl_carbonyl_carbonyl_carbonyl,9.0,1.0,square planar
71,cr,2.0,cn_cn_cn_cn,9.0,1.0,square planar
72,cr,2.0,cyanopyridine_cyanopyridine_cyanopyridine_cyanopyridine,49.0,1.0,square planar
73,cr,2.0,en_en_en_en,25.0,1.0,square planar
75,cr,2.0,formaldehyde_formaldehyde_formaldehyde_formaldehyde,17.0,1.0,square planar
77,cr,2.0,hydrogensulfide_hydrogensulfide_hydrogensulfide_hydrogensulfide,13.0,1.0,square planar
83,cr,2.0,misc_misc_misc_misc,25.0,1.0,square planar
86,cr,2.0,phen_phen_phen_phen,45.0,1.0,square planar
87,cr,2.0,phenisc_phenisc_phenisc_phenisc,53.0,1.0,square planar
88,cr,2.0,phosphine_phosphine_phosphine_phosphine,17.0,1.0,square planar
89,cr,2.0,pisc_pisc_pisc_pisc,101.0,1.0,square planar
94,cr,2.0,water_water_water_water,13.0,1.0,square planar
99,cr,3.0,benzisc_benzisc_benzisc_benzisc,65.0,2.0,square planar
126,fe,2.0,acac_acac_acac_acac,29.0,1.0,square planar
128,fe,2.0,acetonitrile_acetonitrile_acetonitrile_acetonitrile,25.0,1.0,square planar
129,fe,2.0,ammonia_ammonia_ammonia_ammonia,17.0,1.0,square planar
130,fe,2.0,benzisc_benzisc_benzisc_benzisc,65.0,1.0,square planar
131,fe,2.0,bipy_bipy_bipy_bipy,41.0,1.0,square planar
132,fe,2.0,carbonyl_carbonyl_carbonyl_carbonyl,9.0,1.0,square planar
134,fe,2.0,cn_cn_cn_cn,9.0,1.0,square planar
137,fe,2.0,en_en_en_en,25.0,1.0,square planar
144,fe,2.0,mebipy_mebipy_mebipy_mebipy,53.0,1.0,square planar
145,fe,2.0,mec_mec_mec_mec,31.0,1.0,square planar
146,fe,2.0,methylamine_methylamine_methylamine_methylamine,29.0,1.0,square planar
147,fe,2.0,misc_misc_misc_misc,25.0,1.0,square planar
148,fe,2.0,ncs_ncs_ncs_ncs,13.0,1.0,square planar
150,fe,2.0,phen_phen_phen_phen,45.0,1.0,square planar
151,fe,2.0,phenisc_phenisc_phenisc_phenisc,53.0,1.0,square planar
152,fe,2.0,phosphine_phosphine_phosphine_phosphine,17.0,1.0,square planar
153,fe,2.0,pisc_pisc_pisc_pisc,101.0,1.0,square planar
156,fe,2.0,tbuc_tbuc_tbuc_tbuc,49.0,1.0,square planar
158,fe,2.0,water_water_water_water,13.0,1.0,square planar
160,fe,3.0,aceticacidbipyridine_aceticacidbipyridine_aceticacidbipyridine_aceticacidbipyridine,65.0,2.0,square planar
175,fe,3.0,mebipy_mebipy_mebipy_mebipy,53.0,2.0,square planar
176,fe,3.0,mec_mec_mec_mec,31.0,2.0,square planar
181,fe,3.0,phenisc_phenisc_phenisc_phenisc,53.0,2.0,square planar
183,fe,3.0,pisc_pisc_pisc_pisc,101.0,2.0,square planar
187,fe,3.0,tbuc_tbuc_tbuc_tbuc,49.0,2.0,square planar
188,fe,3.0,thiopyridine_thiopyridine_thiopyridine_thiopyridine,49.0,2.0,square planar
191,mn,2.0,aceticacidbipyridine_aceticacidbipyridine_aceticacidbipyridine_aceticacidbipyridine,65.0,2.0,square planar
192,mn,2.0,acetonitrile_acetonitrile_acetonitrile_acetonitrile,25.0,2.0,square planar
193,mn,2.0,ammonia_ammonia_ammonia_ammonia,17.0,2.0,square planar
194,mn,2.0,benzisc_benzisc_benzisc_benzisc,65.0,2.0,square planar
195,mn,2.0,bipy_bipy_bipy_bipy,41.0,2.0,square planar
196,mn,2.0,carbonyl_carbonyl_carbonyl_carbonyl,9.0,2.0,square planar
198,mn,2.0,cn_cn_cn_cn,9.0,2.0,square planar
200,mn,2.0,en_en_en_en,25.0,2.0,square planar
202,mn,2.0,formaldehyde_formaldehyde_formaldehyde_formaldehyde,17.0,2.0,square planar
204,mn,2.0,hydrogensulfide_hydrogensulfide_hydrogensulfide_hydrogensulfide,13.0,2.0,square planar
207,mn,2.0,mebipy_mebipy_mebipy_mebipy,53.0,2.0,square planar
208,mn,2.0,mec_mec_mec_mec,31.0,2.0,square planar
210,mn,2.0,misc_misc_misc_misc,25.0,2.0,square planar
212,mn,2.0,ox_ox_ox_ox,13.0,2.0,square planar
213,mn,2.0,phen_phen_phen_phen,45.0,2.0,square planar
214,mn,2.0,phenisc_phenisc_phenisc_phenisc,53.0,2.0,square planar
215,mn,2.0,phosphine_phosphine_phosphine_phosphine,17.0,2.0,square planar
216,mn,2.0,pisc_pisc_pisc_pisc,101.0,2.0,square planar
222,mn,2.0,water_water_water_water,13.0,2.0,square planar
227,mn,3.0,benzisc_benzisc_benzisc_benzisc,65.0,1.0,square planar
229,mn,3.0,carbonyl_carbonyl_carbonyl_carbonyl,9.0,1.0,square planar
245,mn,3.0,ox_ox_ox_ox,13.0,1.0,square planar
247,mn,3.0,phenisc_phenisc_phenisc_phenisc,53.0,1.0,square planar
248,mn,3.0,phosphine_phosphine_phosphine_phosphine,17.0,1.0,square planar
249,mn,3.0,pisc_pisc_pisc_pisc,101.0,1.0,square planar
255,ni,2.0,acac_acac_acac_acac,29.0,1.0,square planar
256,ni,2.0,aceticacidbipyridine_aceticacidbipyridine_aceticacidbipyridine_aceticacidbipyridine,65.0,1.0,square planar
257,ni,2.0,acetonitrile_acetonitrile_acetonitrile_acetonitrile,25.0,1.0,square planar
258,ni,2.0,ammonia_ammonia_ammonia_ammonia,17.0,1.0,square planar
259,ni,2.0,benzisc_benzisc_benzisc_benzisc,65.0,1.0,square planar
263,ni,2.0,cn_cn_cn_cn,9.0,1.0,square planar
264,ni,2.0,cyanate_cyanate_cyanate_cyanate,13.0,1.0,square planar
265,ni,2.0,en_en_en_en,25.0,1.0,square planar
266,ni,2.0,fluoride_fluoride_fluoride_fluoride,5.0,1.0,square planar
267,ni,2.0,formaldehyde_formaldehyde_formaldehyde_formaldehyde,17.0,1.0,square planar
268,ni,2.0,furan_furan_furan_furan,37.0,1.0,square planar
269,ni,2.0,hydrogensulfide_hydrogensulfide_hydrogensulfide_hydrogensulfide,13.0,1.0,square planar
271,ni,2.0,iodide_iodide_iodide_iodide,5.0,1.0,square planar
272,ni,2.0,mebipy_mebipy_mebipy_mebipy,53.0,1.0,square planar
273,ni,2.0,mec_mec_mec_mec,31.0,1.0,square planar
274,ni,2.0,methylamine_methylamine_methylamine_methylamine,29.0,1.0,square planar
275,ni,2.0,misc_misc_misc_misc,25.0,1.0,square planar
276,ni,2.0,ncs_ncs_ncs_ncs,13.0,1.0,square planar
277,ni,2.0,ox_ox_ox_ox,13.0,1.0,square planar
278,ni,2.0,phen_phen_phen_phen,45.0,1.0,square planar
279,ni,2.0,phenisc_phenisc_phenisc_phenisc,53.0,1.0,square planar
280,ni,2.0,phosphine_phosphine_phosphine_phosphine,17.0,1.0,square planar
281,ni,2.0,pisc_pisc_pisc_pisc,101.0,1.0,square planar
282,ni,2.0,pyridine_pyridine_pyridine_pyridine,45.0,1.0,square planar
284,ni,2.0,tbuc_tbuc_tbuc_tbuc,49.0,1.0,square planar
285,ni,2.0,thiopyridine_thiopyridine_thiopyridine_thiopyridine,49.0,1.0,square planar
286,ni,2.0,water_water_water_water,13.0,1.0,square planar
294,co,2.0,ammonia_ammonia_fluoride_fluoride,11.0,2.0,square planar
295,co,2.0,ammonia_ammonia_ammonia_chloride,14.0,2.0,square planar
296,co,2.0,ammonia_ammonia_ammonia_fluoride,14.0,2.0,square planar
299,co,2.0,cn_cn_fluoride_fluoride,7.0,2.0,square planar
309,co,2.0,formaldehyde_formaldehyde_formaldehyde_fluoride,14.0,2.0,square planar
385,fe,2.0,fluoride_fluoride_hydrogensulfide_hydrogensulfide,9.0,1.0,square planar
392,fe,2.0,formaldehyde_formaldehyde_water_water,15.0,1.0,square planar
393,fe,2.0,formaldehyde_formaldehyde_formaldehyde_fluoride,14.0,1.0,square planar
394,fe,2.0,formaldehyde_formaldehyde_formaldehyde_water,16.0,1.0,square planar
395,fe,2.0,furan_water_water_water,19.0,1.0,square planar
397,fe,2.0,furan_furan_fluoride_fluoride,21.0,1.0,square planar
398,fe,2.0,furan_furan_water_water,25.0,1.0,square planar
413,fe,2.0,pyridine_pyridine_fluoride_fluoride,25.0,1.0,square planar
414,fe,2.0,pyridine_pyridine_water_water,29.0,1.0,square planar
417,fe,2.0,pyridine_pyridine_pyridine_water,37.0,1.0,square planar
419,fe,2.0,scn_water_water_water,13.0,1.0,square planar
422,fe,2.0,scn_scn_water_water,13.0,1.0,square planar
429,fe,2.0,water_water_fluoride_fluoride,9.0,1.0,square planar
432,fe,2.0,water_water_water_chloride,11.0,1.0,square planar
433,fe,2.0,water_water_water_fluoride,11.0,1.0,square planar
446,fe,3.0,benzisc_benzisc_benzisc_fluoride,50.0,2.0,square planar
459,fe,3.0,formaldehyde_formaldehyde_fluoride_fluoride,11.0,2.0,square planar
514,ni,2.0,acetonitrile_acetonitrile_fluoride_fluoride,15.0,1.0,square planar
515,ni,2.0,acetonitrile_acetonitrile_acetonitrile_fluoride,20.0,1.0,square planar
517,ni,2.0,cyanate_cyanate_cyanate_fluoride,11.0,1.0,square planar
519,ni,2.0,pyridine_pyridine_fluoride_fluoride,25.0,1.0,square planar
520,ni,2.0,pyridine_pyridine_pyridine_fluoride,35.0,1.0,square planar
521,ni,2.0,thiopyridine_fluoride_fluoride_fluoride,16.0,1.0,square planar
522,ni,2.0,thiopyridine_thiopyridine_fluoride_fluoride,27.0,1.0,square planar
523,ni,2.0,thiopyridine_thiopyridine_thiopyridine_fluoride,38.0,1.0,square planar
527,co,2.0,ammonia_ammonia_iodide_iodide,11.0,2.0,square planar
530,co,2.0,cn_cn_iodide_iodide,7.0,2.0,square planar
531,co,2.0,cn_cn_cn_iodide,8.0,2.0,square planar
539,co,3.0,benzisc_benzisc_iodide_iodide,35.0,1.0,square planar
542,co,3.0,formaldehyde_formaldehyde_iodide_iodide,11.0,1.0,square planar
544,co,3.0,methylamine_iodide_iodide_iodide,11.0,1.0,square planar
545,co,3.0,methylamine_methylamine_iodide_iodide,17.0,1.0,square planar
554,co,3.0,thiopyridine_thiopyridine_iodide_iodide,27.0,1.0,square planar
555,co,3.0,thiopyridine_thiopyridine_thiopyridine_iodide,38.0,1.0,square planar
600,fe,3.0,acetonitrile_acetonitrile_iodide_iodide,15.0,2.0,square planar
601,fe,3.0,acetonitrile_acetonitrile_acetonitrile_iodide,20.0,2.0,square planar
603,fe,3.0,ammonia_ammonia_iodide_iodide,11.0,2.0,square planar
604,fe,3.0,ammonia_ammonia_ammonia_iodide,14.0,2.0,square planar
605,fe,3.0,benzisc_iodide_iodide_iodide,20.0,2.0,square planar
606,fe,3.0,benzisc_benzisc_iodide_iodide,35.0,2.0,square planar
607,fe,3.0,benzisc_benzisc_benzisc_iodide,50.0,2.0,square planar
609,fe,3.0,cyanopyridine_cyanopyridine_iodide_iodide,27.0,2.0,square planar
611,fe,3.0,formaldehyde_iodide_iodide_iodide,8.0,2.0,square planar
614,fe,3.0,methylamine_iodide_iodide_iodide,11.0,2.0,square planar
615,fe,3.0,methylamine_methylamine_iodide_iodide,17.0,2.0,square planar
621,fe,3.0,pyridine_pyridine_iodide_iodide,25.0,2.0,square planar
627,fe,3.0,thiopyridine_thiopyridine_iodide_iodide,27.0,2.0,square planar
650,mn,3.0,formaldehyde_formaldehyde_formaldehyde_iodide,14.0,1.0,square planar
657,co,2.0,acetonitrile_formaldehyde_formaldehyde_formaldehyde,19.0,2.0,square planar
659,co,2.0,acetonitrile_acetonitrile_acetonitrile_formaldehyde,23.0,2.0,square planar
661,co,2.0,ammonia_ammonia_formaldehyde_formaldehyde,17.0,2.0,square planar
662,co,2.0,ammonia_ammonia_ammonia_formaldehyde,17.0,2.0,square planar
663,co,2.0,cn_formaldehyde_formaldehyde_formaldehyde,15.0,2.0,square planar
664,co,2.0,cn_cn_formaldehyde_formaldehyde,13.0,2.0,square planar
665,co,2.0,cn_cn_cn_formaldehyde,11.0,2.0,square planar
668,co,2.0,scn_scn_scn_formaldehyde,14.0,2.0,square planar
669,co,3.0,benzisc_formaldehyde_formaldehyde_formaldehyde,29.0,1.0,square planar
670,co,3.0,benzisc_benzisc_formaldehyde_formaldehyde,41.0,1.0,square planar
671,co,3.0,benzisc_benzisc_benzisc_formaldehyde,53.0,1.0,square planar
678,co,3.0,ncs_benzisc_benzisc_benzisc,52.0,1.0,square planar
680,co,3.0,ncs_methylamine_methylamine_methylamine,25.0,1.0,square planar
681,co,3.0,ncs_thiopyridine_thiopyridine_thiopyridine,40.0,1.0,square planar
684,co,3.0,ncs_ncs_methylamine_methylamine,21.0,1.0,square planar
685,co,3.0,ncs_ncs_thiopyridine_thiopyridine,31.0,1.0,square planar
686,co,3.0,ncs_ncs_ncs_benzisc,26.0,1.0,square planar
693,co,3.0,scn_scn_ncs_ncs,13.0,1.0,square planar
751,fe,2.0,ncs_ncs_hydrogensulfide_hydrogensulfide,13.0,1.0,square planar
755,fe,2.0,scn_formaldehyde_formaldehyde_formaldehyde,16.0,1.0,square planar
757,fe,2.0,scn_scn_formaldehyde_formaldehyde,15.0,1.0,square planar
759,fe,2.0,scn_scn_scn_formaldehyde,14.0,1.0,square planar
767,fe,3.0,benzisc_formaldehyde_formaldehyde_formaldehyde,29.0,2.0,square planar
768,fe,3.0,benzisc_benzisc_formaldehyde_formaldehyde,41.0,2.0,square planar
780,fe,3.0,formaldehyde_formaldehyde_formaldehyde_pyridine,24.0,2.0,square planar
782,fe,3.0,ncs_acetonitrile_acetonitrile_acetonitrile,22.0,2.0,square planar
783,fe,3.0,ncs_ammonia_ammonia_ammonia,16.0,2.0,square planar
784,fe,3.0,ncs_benzisc_benzisc_benzisc,52.0,2.0,square planar
787,fe,3.0,ncs_methylamine_methylamine_methylamine,25.0,2.0,square planar
790,fe,3.0,ncs_ncs_acetonitrile_acetonitrile,19.0,2.0,square planar
791,fe,3.0,ncs_ncs_ammonia_ammonia,15.0,2.0,square planar
794,fe,3.0,ncs_ncs_formaldehyde_formaldehyde,15.0,2.0,square planar
795,fe,3.0,ncs_ncs_methylamine_methylamine,21.0,2.0,square planar
806,fe,3.0,scn_formaldehyde_formaldehyde_formaldehyde,16.0,2.0,square planar
819,mn,2.0,ncs_ncs_thiopyridine_thiopyridine,31.0,2.0,square planar
829,mn,3.0,formaldehyde_formaldehyde_pyridine_pyridine,31.0,1.0,square planar
830,mn,3.0,formaldehyde_formaldehyde_thiopyridine_thiopyridine,33.0,1.0,square planar
833,co,2.0,acetonitrile_acetonitrile_ammonia_ammonia,21.0,2.0,square planar
834,co,2.0,acetonitrile_acetonitrile_acetonitrile_ammonia,23.0,2.0,square planar
835,co,2.0,cn_ammonia_ammonia_ammonia,15.0,2.0,square planar
836,co,2.0,cn_cn_ammonia_ammonia,13.0,2.0,square planar
837,co,2.0,cn_cn_cn_ammonia,11.0,2.0,square planar
839,co,2.0,scn_scn_ammonia_ammonia,15.0,2.0,square planar
844,cr,3.0,pyridine_hydrogensulfide_hydrogensulfide_hydrogensulfide,21.0,2.0,square planar
856,fe,2.0,cyanate_cyanate_furan_furan,25.0,1.0,square planar
864,fe,2.0,pyridine_hydrogensulfide_hydrogensulfide_hydrogensulfide,21.0,1.0,square planar
874,fe,3.0,acetonitrile_acetonitrile_pyridine_pyridine,35.0,2.0,square planar
877,fe,3.0,ammonia_benzisc_benzisc_benzisc,53.0,2.0,square planar
881,fe,3.0,ammonia_thiopyridine_thiopyridine_thiopyridine,41.0,2.0,square planar
882,fe,3.0,ammonia_ammonia_benzisc_benzisc,41.0,2.0,square planar
883,fe,3.0,ammonia_ammonia_cyanopyridine_cyanopyridine,33.0,2.0,square planar
885,fe,3.0,ammonia_ammonia_pyridine_pyridine,31.0,2.0,square planar
886,fe,3.0,ammonia_ammonia_ammonia_benzisc,29.0,2.0,square planar
887,fe,3.0,ammonia_ammonia_ammonia_cyanopyridine,25.0,2.0,square planar
889,fe,3.0,ammonia_ammonia_ammonia_pyridine,24.0,2.0,square planar
890,fe,3.0,ammonia_ammonia_ammonia_thiopyridine,25.0,2.0,square planar
891,fe,3.0,benzisc_pyridine_pyridine_pyridine,50.0,2.0,square planar
892,fe,3.0,benzisc_benzisc_pyridine_pyridine,55.0,2.0,square planar
893,fe,3.0,benzisc_benzisc_benzisc_pyridine,60.0,2.0,square planar
900,fe,3.0,pyridine_thiopyridine_thiopyridine_thiopyridine,48.0,2.0,square planar
901,fe,3.0,pyridine_pyridine_thiopyridine_thiopyridine,47.0,2.0,square planar
903,fe,3.0,scn_ammonia_ammonia_ammonia,16.0,2.0,square planar
904,fe,3.0,scn_scn_ammonia_ammonia,15.0,2.0,square planar
923,ni,2.0,acetonitrile_pyridine_pyridine_pyridine,40.0,1.0,square planar
924,ni,2.0,acetonitrile_acetonitrile_pyridine_pyridine,35.0,1.0,square planar
925,ni,2.0,acetonitrile_acetonitrile_acetonitrile_pyridine,30.0,1.0,square planar
926,ni,2.0,cyanate_acetonitrile_acetonitrile_acetonitrile,22.0,1.0,square planar
927,ni,2.0,cyanate_thiopyridine_thiopyridine_thiopyridine,40.0,1.0,square planar
928,ni,2.0,cyanate_cyanate_acetonitrile_acetonitrile,19.0,1.0,square planar
929,ni,2.0,cyanate_cyanate_pyridine_pyridine,29.0,1.0,square planar
932,ni,2.0,cyanate_cyanate_cyanate_pyridine,21.0,1.0,square planar
933,ni,2.0,cyanate_cyanate_cyanate_thiopyridine,22.0,1.0,square planar
934,ni,2.0,pyridine_thiopyridine_thiopyridine_thiopyridine,48.0,1.0,square planar
935,ni,2.0,pyridine_pyridine_thiopyridine_thiopyridine,47.0,1.0,square planar
936,ni,2.0,pyridine_pyridine_pyridine_thiopyridine,46.0,1.0,square planar
937,co,2.0,cn_acetonitrile_acetonitrile_acetonitrile,21.0,2.0,square planar
938,co,2.0,cn_cn_acetonitrile_acetonitrile,17.0,2.0,square planar
939,co,2.0,cn_cn_cn_acetonitrile,13.0,2.0,square planar
941,co,2.0,scn_cn_cn_cn,10.0,2.0,square planar
942,co,2.0,scn_scn_acetonitrile_acetonitrile,19.0,2.0,square planar
943,co,2.0,scn_scn_cn_cn,11.0,2.0,square planar
944,co,2.0,scn_scn_scn_acetonitrile,16.0,2.0,square planar
945,co,2.0,scn_scn_scn_cn,12.0,2.0,square planar
946,co,3.0,benzisc_methylamine_methylamine_methylamine,38.0,1.0,square planar
947,co,3.0,benzisc_thiopyridine_thiopyridine_thiopyridine,53.0,1.0,square planar
950,co,3.0,benzisc_benzisc_benzisc_methylamine,56.0,1.0,square planar
951,co,3.0,benzisc_benzisc_benzisc_thiopyridine,61.0,1.0,square planar
952,co,3.0,methylamine_thiopyridine_thiopyridine_thiopyridine,44.0,1.0,square planar
953,co,3.0,methylamine_methylamine_thiopyridine_thiopyridine,39.0,1.0,square planar
954,co,3.0,methylamine_methylamine_methylamine_thiopyridine,34.0,1.0,square planar
956,co,3.0,scn_methylamine_methylamine_methylamine,25.0,1.0,square planar
957,co,3.0,scn_thiopyridine_thiopyridine_thiopyridine,40.0,1.0,square planar
958,co,3.0,scn_scn_benzisc_benzisc,39.0,1.0,square planar
960,co,3.0,scn_scn_thiopyridine_thiopyridine,31.0,1.0,square planar
961,co,3.0,scn_scn_scn_benzisc,26.0,1.0,square planar
979,cr,3.0,scn_hydrogensulfide_hydrogensulfide_hydrogensulfide,13.0,2.0,square planar
1002,fe,3.0,acetonitrile_benzisc_benzisc_benzisc,55.0,2.0,square planar
1005,fe,3.0,acetonitrile_acetonitrile_benzisc_benzisc,45.0,2.0,square planar
1006,fe,3.0,acetonitrile_acetonitrile_cyanopyridine_cyanopyridine,37.0,2.0,square planar
1008,fe,3.0,acetonitrile_acetonitrile_thiopyridine_thiopyridine,37.0,2.0,square planar
1009,fe,3.0,acetonitrile_acetonitrile_acetonitrile_benzisc,35.0,2.0,square planar
1012,fe,3.0,acetonitrile_acetonitrile_acetonitrile_thiopyridine,31.0,2.0,square planar
1014,fe,3.0,benzisc_methylamine_methylamine_methylamine,38.0,2.0,square planar
1015,fe,3.0,benzisc_thiopyridine_thiopyridine_thiopyridine,53.0,2.0,square planar
1016,fe,3.0,benzisc_benzisc_cyanopyridine_cyanopyridine,57.0,2.0,square planar
1017,fe,3.0,benzisc_benzisc_methylamine_methylamine,47.0,2.0,square planar
1018,fe,3.0,benzisc_benzisc_thiopyridine_thiopyridine,57.0,2.0,square planar
1019,fe,3.0,benzisc_benzisc_benzisc_cyanopyridine,61.0,2.0,square planar
1020,fe,3.0,benzisc_benzisc_benzisc_methylamine,56.0,2.0,square planar
1021,fe,3.0,benzisc_benzisc_benzisc_thiopyridine,61.0,2.0,square planar
1022,fe,3.0,cyanopyridine_methylamine_methylamine_methylamine,34.0,2.0,square planar
1023,fe,3.0,cyanopyridine_thiopyridine_thiopyridine_thiopyridine,49.0,2.0,square planar
1026,fe,3.0,cyanopyridine_cyanopyridine_cyanopyridine_thiopyridine,49.0,2.0,square planar
1027,fe,3.0,methylamine_thiopyridine_thiopyridine_thiopyridine,44.0,2.0,square planar
1028,fe,3.0,methylamine_methylamine_thiopyridine_thiopyridine,39.0,2.0,square planar
1029,fe,3.0,methylamine_methylamine_methylamine_thiopyridine,34.0,2.0,square planar
1030,fe,3.0,scn_acetonitrile_acetonitrile_acetonitrile,22.0,2.0,square planar
1032,fe,3.0,scn_methylamine_methylamine_methylamine,25.0,2.0,square planar
1034,fe,3.0,scn_scn_acetonitrile_acetonitrile,19.0,2.0,square planar
1056,mn,2.0,thiopyridine_thiopyridine_hydroxyl_hydroxyl,29.0,2.0,square planar
1060,ni,2.0,acetonitrile_thiopyridine_thiopyridine_thiopyridine,43.0,1.0,square planar
1061,ni,2.0,acetonitrile_acetonitrile_thiopyridine_thiopyridine,37.0,1.0,square planar
1062,ni,2.0,acetonitrile_acetonitrile_acetonitrile_thiopyridine,31.0,1.0,square planar
